10 let,L2,1
10 year,L2,1
10 yo,L2,1
10 yr,L2,1
11 let,L2,1
11 year,L2,1
11 yo,L2,1
11 yr,L2,1
12 let,L2,1
12 year,L2,1
12 yo,L2,1
12 yr,L2,1
13 let,L2,1
13 year,L2,1
13 yo,L2,1
13 yr,L2,1
14 let,L2,1
14 year,L2,1
14 yo,L2,1
14 yr,L2,1
15 let,L2,1
15 year,L2,1
15 yo,L2,1
15 yr,L2,1
16 let,L2,1
16 year,L2,1
16 yo,L2,1
16 yr,L2,1
17 let,L2,1
17 year,L2,1
17 yo,L2,1
17 yr,L2,1
18 onlygirls,L4,2
aaliyah love,L4,1
abbey brooks,L4,1
abby winters,L4,1
abella anderson,L4,1
adult baby,L2,2
african,L1,1
age,L1,2
agent,L1,2
alan cumming,L0,2
alan stafford,L4,1
albumart,L0,2
aleska diamond,L4,1
aletta ocean,L4,1
alex gonz,L4,1
alex mecum,L4,1
alex rox,L4,1
alex sanders,L4,1
alexa weix,L4,1
alexis amore,L4,1
alexis texas,L4,1
allie haze,L4,1
allscan,L4,2
amater,L3,1
amateur,L3,1
americanka,L1,2
americanky,L1,2
anal,L4,2
analni,L4,2
analnim,L4,2
andicen stiff,L4,1
andre boleyn,L4,1
andrea absolonova,L4,1
andrea diamond,L4,1
andrew blake,L4,1
andrew rivera,L4,1
andrew youngman,L4,1
andy san dimas,L4,1
anesthetization,L2,2
anesthetize,L2,2
anesthetized,L2,2
anesthetizing,L2,2
aneta keys,L4,1
anetta keys,L4,1
angel,L1,2
angel allwood,L4,1
angel dark,L4,1
angel hot,L4,1
angel hott,L4,1
angel kiuty,L4,1
angel piaf,L4,1
angel rivas,L4,1
angel wicky,L4,1
angela attison,L4,1
angelica heart,L4,1
angelina valentine,L4,1
anikka albrite,L4,1
animal,L2,1
animalni,L2,1
anime,L1,1
anissa kate,L4,1
anita blond,L4,1
anna polina,L4,1
annabelle lee,L4,1
annika albright,L4,1
anthony crane,L4,1
anthony hardwood,L4,1
anthony rosano,L4,1
anus,L4,2
aria giovanni,L4,1
arnold schwarzenpec,L4,1
asa akira,L4,1
ashlynn brooke,L4,1
asia,L1,2
asia carrera,L4,1
asian,L1,2
asiat,L1,2
asiatek,L1,2
asiati,L1,2
asiatka,L1,2
asiatkou,L1,2
asiatku,L1,2
asiatky,L1,2
asijsky,L1,2
ass,L3,2
assed,L3,2
atk,L3,2
audrey bitoni,L4,1
aussie thunder,L4,1
austin kincaid,L4,1
austin wilde,L4,1
ava addams,L4,1
ava devine,L4,1
avatar the last airbender,L3,2
aya nielsen,L4,1
ayeron,L4,2
aylar lie,L4,1
babe,L1,2
babe solo,L4,1
babes,L3,2
babes solo,L4,1
babicce,L1,2
babicka,L1,2
babickou,L1,2
babicky,L1,2
babysitter,L1,2
backseat,L1,1
bachovo,L1,2
ballbusting,L4,1
bam,L1,2
bang,L1,2
bangbros,L4,1
bangbus,L4,1
bangers,L3,2
barbi sinclair,L4,1
bareback,L4,1
barely legal,L4,1
barelylegal,L4,1
barrett blade,L4,1
barry scott,L3,2
bbc,L3,2
bbw,L3,2
bdsm,L4,1
beach,L1,2
beast,L2,1
beautiful,L1,1
beauty,L1,1
ben english,L3,2
benjamin brat,L4,1
bic,L2,2
bicovani,L2,2
big,L1,2
bigger,L1,2
biggest,L1,2
billy glide,L4,1
billy santoro,L4,1
bisex,L4,1
bitch,L3,1
bj,L1,2
black,L1,2
black angelica,L4,1
black angelika,L4,1
black eyed children,L0,2
blacked,L4,2
blacked out sun,L0,2
blake palmer,L4,1
blechov,L3,1
blond,L1,1
blood,L2,1
blow job,L4,1
blowjob,L4,1
blue angel,L4,1
bob terminator,L4,1
bobbi starr,L4,1
bondage,L4,1
bonnie rotten,L4,1
boobs,L3,2
boomer banks,L4,1
booty,L1,2
boss,L1,2
bosses,L1,2
boubel,L1,1
boundgangbangs,L4,1
boy,L1,1
boyester,L4,1
brad baldwin,L4,1
brad hardy,L4,1
bradavk,L3,1
bracha,L1,2
brachou,L1,2
brachovi,L1,2
brandi belle,L4,1
brandi edwards,L4,1
brandi love,L4,1
brandon iron,L4,1
brandy aniston,L4,1
brandy talore,L4,1
bratr,L1,2
bratra,L1,2
bratrovi,L1,2
bratrovo,L1,2
brazzer,L4,1
breanne benson,L4,1
bree olson,L4,1
breedmeraw,L4,1
brent corrigan,L4,1
brett rockman,L4,1
brian pumper,L4,1
brian surewood,L4,1
briana banks,L4,1
brianna love,L4,1
brick majors,L4,1
bridgette b,L4,1
britney amber,L4,1
broc adams,L4,1
brodie cumming,L0,2
brunet,L1,1
bruno,L1,2
bryan silva,L4,1
brynn hunter,L4,1
buck adams,L4,1
buck wylde,L4,1
budbenicke solo,L0,2
bukake,L4,1
bukakke,L4,1
bukkake,L4,1
bukkakke,L4,1
bunny knight,L4,1
bust,L1,2
busty,L3,2
butt,L1,2
butts,L1,2
buzzcock,L0,1
byron long,L4,1
cali marie,L4,1
calli cox,L4,2
camryn cross,L4,1
candice nicole,L4,1
candy alexa,L4,1
candydoll,L5,1
cannibal,L2,1
capri anderson,L4,1
capri cavalli,L4,1
carlton banks,L4,1
carmella bing,L4,1
cartoon,L1,1
casey cumz,L4,1
casey tanner,L4,1
casi james,L4,1
cassidy clay,L4,1
cassie young,L4,1
casting,L3,2
castings,L3,2
cecek,L3,2
ceck,L3,1
celebrities,L1,2
centerfolds,L4,2
ceran morris,L4,1
cernej,L1,1
cernos,L1,1
cernou,L1,1
cernovlas,L1,1
cerny,L1,2
cernyma,L1,2
cery,L1,2
ceska,L1,2
ceske,L1,2
ceskej,L1,2
ceskemu,L1,2
ceskou,L1,2
cesky,L1,2
cfnm,L4,2
cikan,L1,1
cindy dollar,L4,1
cindy hope,L4,1
cj wright,L4,1
claire dames,L4,1
clark kent,L4,1
classic,L1,2
claudia rossi,L4,1
claudio meloni,L4,1
climax,L3,2
clit,L3,2
clitor,L4,1
cock,L3,2
cock robin,L0,2
cock sparrer,L0,2
cocks,L3,2
cody cummings,L4,1
collage rules,L4,1
college,L1,1
collegerules,L4,1
color climax,L4,1
colt steele,L4,1
compilation,L1,2
compilations,L1,2
connor kline,L4,1
contract killers,L4,1
corey bucks,L4,1
cougar,L1,2
couple,L1,2
couples,L1,2
courtney taylor,L4,1
craig moose,L4,1
craven moorehead,L4,1
cream pie,L4,1
creampie,L4,1
criss strokes,L4,1
crissy moran,L4,1
crossdresser,L4,1
cruel,L2,2
csoky ice,L4,1
ctrnactilet,L2,1
ctyrlet,L2,1
cuckold,L4,1
cum,L3,2
cum dump,L4,1
cum louder,L4,1
cum marathon,L4,1
cum shot,L4,1
cumloud,L4,1
cumming,L4,1
cums,L4,2
cumshot,L4,1
cunnilingus,L4,1
cunt,L4,2
cuntree pipes,L4,1
cura,L3,2
cural,L3,2
curani,L3,2
curat,L3,2
cute,L1,2
cutie,L1,2
cynthia moore,L4,1
czech,L1,2
czech casting,L4,1
czech hunter,L4,1
czechcasting,L4,1
czechhomeorgy,L4,1
czechhunter,L4,1
daddies,L3,2
dakota skye,L4,1
dale dabone,L4,1
damien michaels,L4,1
dane cross,L4,1
dani daniels,L4,1
dani jensen,L4,1
daniella rush,L4,1
danielle derek,L4,1
danika dreamz,L4,1
danny mountain,L4,1
darren james,L4,1
dasha,L1,2
daughter,L1,2
daughters,L1,2
dave cummings,L4,1
dave hardman,L4,1
david layz,L4,1
david luger,L4,1
david perry,L4,1
dcera,L1,2
dcerou,L1,2
dcery,L1,2
decka,L2,2
decky,L2,2
deda,L1,2
dedecek,L1,2
dedeceka,L1,2
dedeckem,L1,2
dedek,L1,2
dedkem,L1,2
dedkovi,L1,2
dedou,L1,2
dedovi,L1,2
dee baker,L4,1
deep,L1,2
deep threat,L4,1
deep throat,L4,1
deep troath,L4,1
deepthroat,L4,1
deeptroath,L4,1
deflorace,L4,1
deflorat,L4,1
defloro,L4,1
delaj,L1,2
delaji,L1,2
delat,L1,2
delicious,L1,2
delilah strong,L4,1
denis marti,L4,1
derrick pierce,L4,1
desetile,L2,1
desuka,L0,2
deti,L2,2
detska,L2,2
detske,L2,2
devceti,L1,2
devek,L3,2
devin wolf,L4,1
devitilet,L2,1
devk,L3,1
devlin weed,L4,1
dhones portella,L4,1
diamond foxxx,L4,1
diamond kitty,L4,1
diana doll,L4,1
diana prince,L4,1
diaper,L2,2
diapers,L2,2
dick,L3,2
dick delaware,L4,1
dick dildo,L4,1
dick francis,L0,2
dick james,L4,1
dick philip,L0,2
dick tracy,L4,1
dicked,L4,2
dickens,L0,2
dickinson,L0,2
dicks,L3,2
diego sans,L4,1
digital playground,L4,1
dildo,L3,2
dildo gomez,L4,1
dillon day,L4,1
dino bravo,L4,1
dirty,L1,2
dirty girls,L4,1
dirty harry,L4,1
dirty sexy money,L0,1
dirtysexymoney,L0,1
discipline4 boys,L5,2
divci,L1,2
divka,L1,2
divky,L1,2
dizzy blond,L4,1
dj kisluter,L0,2
dog,L2,2
dogfuck,L5,1
doggie style,L4,1
doggystyle,L4,1
dogs,L2,2
dokument,L0,2
doll,L1,2
dolls,L1,2
dolly,L1,2
dolly buster,L4,1
domaci,L1,2
domenic kane,L4,1
domina,L3,2
dominan,L3,1
domine,L3,2
dominic santos,L4,1
domino rebelde,L4,1
dominou,L3,2
dominy,L3,2
don fernando,L4,1
don hollywood,L4,1
dona bell,L4,1
doni blast,L4,1
donny long,L4,1
dont trust the bitch in apartment,L0,2
dorcel,L4,2
dorm invasion,L4,1
doughter,L1,1
drill,L1,1
drsne,L1,2
drsny,L1,2
drtuber,L4,1
drugg,L2,1
drum solo,L0,2
drunk,L1,1
drunk orgy,L4,1
drunkorgy,L4,1
dude,L1,2
dudes,L1,2
dvanactilet,L2,1
dvoulet,L2,1
dwayne cumminz,L4,1
dylan blake,L4,1
dylan ryder,L4,1
earl slate,L4,1
ebony,L3,2
ebony tears,L0,2
edu costa,L4,1
eighteen,L3,1
ejacul,L3,1
ejakul,L3,1
elektro sluts,L0,2
elektronika,L0,2
elektrosluts,L0,2
eleven,L2,2
ella milano,L4,1
elle alexandra,L4,1
emanuelle,L3,2
emanuelle rocco,L0,2
emily austin,L4,1
emmanuelle,L1,2
enjoy,L1,1
erektus h,L4,1
eric knight,L4,1
eric masterson,L4,1
eric price,L3,2
eric swiss,L3,2
erik everhard,L4,1
erotic,L1,2
erotic massage,L4,1
erotica,L1,2
erotical,L1,2
eroticka,L1,2
eroticka masaz,L4,1
eroticke,L1,2
eroticky,L1,2
erotik,L1,2
erotika,L1,2
esperanza gomez,L4,1
ester ladova,L4,1
ethan cage,L4,1
ethan hunt,L4,1
eurocreme,L4,1
eva angel,L4,1
eva angelina,L4,1
eva karera,L4,1
evan parker,L4,1
evan rochelle,L4,1
evan stone,L4,1
eve angel,L4,1
eve lawrence,L4,1
evil angel,L4,1
exotic,L1,1
extrem,L1,1
exxxtra small,L4,2
exxxtrasmall,L4,1
face,L1,2
face sitting,L4,1
facesitting,L4,1
facial,L4,2
facialabuse,L4,1
facialed,L4,1
facials,L4,2
fake,L1,2
fake agent,L4,1
fake hospital,L4,2
fakeagent,L4,1
fakehospital,L4,1
faketaxi,L4,1
fantasies,L1,2
fantasy,L1,1
fat,L1,2
father,L1,2
fatter,L1,2
fattest,L1,2
faye reagan,L4,1
feet,L1,2
fekal,L5,1
felace,L3,2
female,L1,2
femaleagent,L4,1
femdom,L4,1
femlatex,L4,1
fetis,L3,1
fick,L3,2
ficke,L4,2
ficken,L4,2
fifteen,L2,1
fingering,L4,1
fist,L1,2
fisting,L4,1
fists,L1,2
flirt,L1,2
flirtation,L1,2
flirting,L1,2
flirts,L1,2
foot,L1,2
foot worship,L4,1
footworship,L4,1
forbidden fruits films,L4,1
forest,L1,2
foursome,L3,2
fourteen,L2,2
franceska jaimes,L4,1
franck major,L4,1
franco del toro,L4,1
franco roccaforte,L4,1
frank black,L4,1
frank fortuna,L4,1
frank gun,L4,1
frank major,L4,1
frank thring,L4,1
frank towers,L4,1
frankie young,L4,1
freddy dalton,L4,1
french,L1,2
ftv,L1,2
ftv girls,L4,1
fuck,L3,1
fuddle,L2,2
fuddled,L2,2
fuddles,L2,2
fuddling,L2,2
g a y,L4,1
gabriella fox,L4,1
gabriella paltrova,L4,1
gang bang,L4,1
gangbang,L4,1
gaped,L4,2
gapes,L4,2
gaping,L4,2
gapped,L4,2
gary taylor,L4,1
gavin marx,L4,1
gay,L3,2
gaysex,L4,1
george reno,L4,1
george uhl,L4,1
german,L1,2
gerry pike,L4,1
get,L1,2
gets,L1,2
getting,L1,2
gf,L1,2
ghost hunters,L0,2
gianna michaels,L4,1
gina lynn,L4,1
gina wild,L4,1
gipsy,L1,2
girl,L1,1
glory hole,L4,1
gorgeous,L1,2
gorgus drae,L4,1
gracie glam,L4,1
grandfa,L1,1
grandma,L1,1
grandpa,L1,1
grann,L1,1
grannybet,L4,1
grannypokers,L4,1
greg centauro,L4,1
grupac,L4,1
guitar solo,L0,2
guy,L1,2
guy dasilva,L4,1
guys,L1,2
gyno clinic,L3,2
hair,L1,2
haired,L1,2
hairy,L3,2
hairy twatter,L4,1
hakan serbes,L4,1
hana haruna,L4,1
hana hilton,L4,1
hand job,L4,1
handjob,L4,1
hanna hilton,L4,1
hannah harper,L4,1
hannah hilton,L4,1
hard,L1,2
hardcore,L3,1
harder,L1,2
hardest,L1,2
harsh,L3,2
havana ginger,L4,1
hdsex,L4,1
heather brooke,L4,1
heels,L1,2
hentai,L4,1
herschel savage,L4,1
hidden,L1,2
high,L1,2
highheels,L1,2
hitchhike,L1,1
hogtied,L4,2
holcic,L2,1
holek,L1,2
holka,L1,2
holkami,L1,2
holkou,L1,2
holky,L1,2
holly halston,L4,1
holly michaels,L4,1
home,L3,2
homemade,L1,2
homo,L3,2
honeni,L3,2
honi,L1,2
honit,L1,2
hooker,L3,2
hookers,L3,2
horny,L3,2
horse,L2,2
horsefuck,L5,1
horses,L2,2
horsfuck,L5,1
hospital,L1,2
hot,L1,2
hot mom,L4,1
hotter,L1,2
hottest,L1,2
housewife,L1,2
hovorme o sexe,L0,2
how i met your mother,L0,2
hubena,L1,2
hubene,L1,2
hubenou,L1,2
hubeny,L1,2
huge,L1,2
hunter,L1,2
hunter x hunter,L0,2
husband,L1,2
hustler,L3,2
chanel preston,L4,1
charley chase,L4,1
chastity lynn,L4,1
cheat,L1,1
cheyne collins,L4,1
chick,L3,2
chicks,L3,2
child,L2,2
children,L2,2
childrens,L3,2
childs,L2,2
chilli sex a samba,L0,2
chip tanner,L4,1
chloe foster,L4,1
chlupat,L1,1
chris cannon,L4,1
chris crocker,L4,1
chris charming,L4,1
chris johnson,L4,1
chris kohler,L4,1
chris mason,L4,1
chris mountain,L4,1
chris rockway,L4,1
chris strokes,L4,1
chris toms,L4,1
christian todd,L4,1
christian xxx,L4,1
christine alexis,L4,1
christy mack,L4,1
chubby,L1,2
chuck martino,L4,1
chyanne jacobs,L4,1
ian daniels,L4,1
ian scott,L4,1
ian tate,L4,1
igor kolomiyets,L4,1
ilona staller,L4,1
incest,L5,1
inebriat,L2,1
ines cudna,L4,1
innocen,L3,1
innocenthigh,L4,1
inside,L1,2
internal,L1,2
international,L1,2
interracial,L1,2
italian,L1,2
itsuka,L0,2
ivana fukalot,L4,1
ivana sugar,L4,1
j j michaels,L4,1
j r nelson,L4,1
j strokes,L4,1
j t money,L4,1
j t valentine,L4,1
ja padouch,L0,2
jack lawrence,L4,1
jack napier,L4,1
jack spade,L4,1
jack vegas,L4,1
jack venice,L4,1
jada fire,L4,1
jada stevens,L4,1
jaelyn fox,L4,1
jake bass,L4,1
jake cruise,L4,1
jake malone,L4,1
jake ryan,L4,1
jake ryder,L4,1
jake steed,L4,1
james brossman,L4,1
james dean,L4,1
james matazaro,L4,1
james sooks,L4,1
jamie private school girl,L0,2
jana cova,L4,1
jane the virgin,L0,2
janet mason,L4,1
janos volt,L4,1
japan,L1,1
japon,L1,1
jarec wentworth,L4,1
jarrod steed,L4,1
jasmine black,L4,1
jasmine byrne,L4,1
jason brown,L4,1
jason cox,L4,1
jason horne,L4,1
jason mccain,L4,1
jav,L3,2
jay ashley,L4,1
jay huntington,L4,1
jay lassiter,L4,1
jay sinn,L4,1
jay strokes,L4,1
jayden cole,L4,1
jayden james,L4,1
jayden jaymes,L4,1
jaylene rio,L4,1
jayme langford,L4,1
jazz duro,L4,1
jean baptiste,L4,1
jean palette,L4,1
jean val jean,L4,1
jean yves le castel,L4,1
jedenactileta,L2,2
jedenactilete,L2,2
jedenactiletejma,L2,2
jedenactiletou,L2,2
jedenastlieti,L2,2
jednolet,L2,1
jena jameson,L4,1
jenaveve jolie,L4,1
jenna haze,L4,1
jenna jameson,L4,1
jenna lovely,L4,1
jenna presley,L4,1
jennifer dark,L4,1
jenny baby,L4,1
jenny hendrix,L4,1
jeph wilson,L4,1
jeremy steele,L4,1
jerk,L3,1
jesse jane,L4,1
jessica bangkok,L4,1
jessica drake,L4,1
jessica jaymes,L4,1
jessica lynn,L4,1
jessie j,L4,1
jessie rogers,L4,1
jessie volt,L4,1
jesusraves,L4,1
jet richards,L4,1
jim beem,L4,1
jimmy blaze,L4,1
jimmy deen,L4,1
jimmy falcon,L4,1
jimmy fanz,L4,1
joachim kessef,L4,1
joe blow,L4,1
joe friday,L4,1
joe monti,L4,1
joe rock,L4,1
joel lawrence,L4,1
joey brass,L4,1
joey edwards,L4,1
joey ray,L4,1
joey silvera,L4,1
johane johansson,L4,1
john cruise,L4,1
john decker,L4,1
john dough,L4,1
john e depth,L4,1
john espizedo,L4,1
john strong,L4,1
john walton,L4,1
john west,L4,1
johnny castle,L4,1
johnny cobalt,L4,1
johnny fender,L4,1
johnny rapid,L4,1
johnny sins,L4,1
johnny slovak,L4,1
johnny thrust,L4,1
jon jon,L4,1
jon perignon,L4,1
jonathan everlast,L4,1
jonathan morgan,L4,1
jonathan simms,L4,1
jonathan stern,L4,1
jonny jon,L4,1
jonny zinn,L4,1
jordan ash,L4,1
jordan lane,L4,1
jorg j,L4,1
josefina mutzenbacher,L4,1
joslyn james,L4,1
jozefina mutzenbacher,L4,1
jr langdon,L4,1
juan cuba,L4,1
juelz ventura,L4,1
juicy,L1,2
juicy pearl,L4,1
julia ann,L4,1
julia bond,L4,1
julian st jox,L4,1
juliano ferraz,L4,1
julio ferreira,L4,1
julius c,L4,1
julius ceazher,L4,1
julius pleasure,L4,1
justice young,L4,1
justin dean,L4,1
justin long,L4,1
justin magnum,L4,1
justin matthews,L4,1
justin myers,L4,1
justin slayer,L4,1
justin snyder,L4,1
justin tyme,L4,1
justine ashley,L4,1
justyn long,L4,1
jynx maze,L4,1
kacey jordan,L4,1
kagney linn karter,L4,1
kalhotek,L3,2
kalhotkami,L3,2
kalhotky,L3,2
kamarad,L1,1
kamasutra,L1,2
kamera ve vagine,L4,1
kanibal,L2,1
kapri styles,L4,1
karen fisher,L4,1
karl ben,L4,1
karl kinkaid,L4,1
karlo karrera,L4,1
karma rosenberg,L4,1
karmen karma,L4,1
katie morgan,L4,1
katja kassin,L4,1
kayden kross,L4,1
kaydence,L4,1
kaylee hilton,L4,1
kea dean,L4,1
kelly divine,L4,1
kelly wells,L4,1
kendra lust,L4,1
kennedy leigh,L4,1
kenny styles,L4,1
kerry louise,L4,1
kevin king,L4,1
kevin m,L4,1
kiara mia,L4,1
kick ass,L0,2
kid,L2,2
kid jamaica,L4,1
kid vegas,L4,1
kiddy,L2,2
kids,L2,2
kimber kay,L4,1
kinder,L2,2
king james,L4,1
kinky,L4,2
kinzie kenner,L4,1
kira queen,L4,1
kirsten price,L4,1
kitty jane,L4,1
klitoris,L4,1
kluci,L1,2
kobe tai,L4,1
kokot,L3,1
kondom,L1,2
kone,L2,2
konem,L2,2
korean,L1,2
kortney kane,L4,1
koureni,L3,2
kouri,L3,2
kourit,L3,2
kozama,L3,2
kozata,L3,2
kozate,L3,2
kozicky,L3,2
kozy,L3,2
krasna,L1,2
kris knight,L4,1
kris slater,L4,1
krissy lynn,L4,1
kristal summers,L4,1
kristina rose,L4,1
krtek a kalhotky,L0,2
krystal boyd,L4,1
kun,L2,2
kunda,L4,2
kunde,L4,2
kundic,L4,1
kundou,L4,2
kundu,L4,2
kundy,L4,2
kurba,L3,2
kurbicka,L3,2
kurt lockwood,L4,1
kyle moore,L4,1
kyle phillips,L4,1
kyle stone,L4,1
kytarove solo,L0,2
l t turner,L4,1
ladies,L1,2
lady,L1,2
lady sonia,L4,1
lady xxl,L4,1
ladyboy,L4,1
lance dragon,L4,1
lanny barbie,L4,1
lara latex,L4,1
latex,L3,1
latin,L1,1
laura crystal,L4,1
laura lion,L4,1
lauro giotto,L4,1
lee bang,L4,1
lee bank,L4,1
lee stone,L4,1
lefty larue,L4,1
leggings,L1,2
lela star,L4,1
leo giamani,L4,1
lesa,L1,2
lesbi,L4,1
lesby,L4,1
lese,L1,2
leslie taylor,L4,1
leta,L1,2
lete,L1,2
leti,L1,2
letou,L1,2
levi michaels,L4,1
lewis adams,L4,1
lexi belle,L4,1
lexi bloom,L4,1
lexi dona,L4,1
lexington steele,L4,1
lexxi tyler,L4,1
lia lor,L4,1
liam riley,L4,1
liba,L1,1
lick,L1,2
licking,L3,2
licks,L1,2
lichelle marie,L4,1
liliane tiger,L4,1
linda friday,L4,1
lis ann,L4,1
lisa ann,L4,1
little,L1,2
little caprice,L4,1
little romeo,L4,1
liz valery,L4,1
liza del sierra,L4,1
lizani,L3,2
lizanie,L3,2
lizat,L3,2
lize,L3,2
lolit,L2,1
london keyes,L3,2
lonely,L1,2
lorenzo hightower,L4,1
lost bets,L4,2
lostbets,L3,2
love,L1,2
lover,L1,2
lovers,L1,2
loves,L1,2
loznice,L1,2
loznici,L1,2
luci angel,L4,1
lucie theodorova,L4,1
lucie wilde,L4,1
lucy angel,L4,1
lucy latex,L4,1
lynn,L3,2
mac turner,L4,1
mackenzee pierce,L4,1
madarka,L1,2
madarkama,L1,2
madarkou,L1,2
madarku,L1,2
maddy o reilly,L4,1
madelyn marie,L4,1
madison chandler,L4,1
madison ivy,L4,1
madison parker,L4,1
maid,L1,2
maids,L1,2
mala,L1,2
male,L1,2
malena morgan,L4,1
malou,L1,2
mama,L1,2
mame,L1,2
mamina,L3,2
mamine,L3,2
maminy,L3,2
mamou,L1,2
mamu,L1,2
mamy,L1,2
manuel ferrara,L4,1
marc cummings,L4,1
marc dorcel,L4,1
marc dylan,L4,1
marco banderas,L4,1
marcos leon,L4,1
marcus london,L4,1
maria bellucci,L4,1
mariah milano,L4,1
marie mccray,L4,1
marina visconti,L4,1
mario rossi,L4,1
mark anthony,L4,1
mark ashley,L4,1
mark davis,L4,1
mark vega,L4,1
mark wood,L4,1
mark zane,L4,1
marry queen,L4,1
marty romano,L4,1
mary anne,L4,1
mary carey,L4,1
masaz,L1,2
masirovat,L1,2
masiruje,L1,2
mason moore,L4,1
massage,L1,1
massage room,L4,1
massage rooms,L4,1
massageroom,L4,1
massagerooms,L4,1
masters of sex,L0,2
masturb,L4,1
matcina,L1,2
matcinou,L1,2
matcinu,L1,2
matek,L1,2
matka,L1,2
matkou,L1,2
matku,L1,2
matky,L1,2
matt bixel,L4,1
matty jay,L4,1
mature,L3,2
maui kane,L4,1
max black,L4,1
maxx diesel,L4,1
mckenzee miles,L4,1
mckenzie lee,L4,1
megan monroe,L4,1
megan moore,L4,1
megan rain,L4,1
melanie rios,L4,1
melissa lauren,L4,1
met art,L4,1
metarts,L4,1
mia leone,L4,1
mia malkova,L4,1
mick blue,L4,1
mick lovell,L4,1
mickey g,L4,1
mickey knoxxx,L4,1
micky ray,L4,1
michael black,L4,1
michael hurt,L4,1
michael j cox,L4,1
michael lucas,L4,1
michael stefano,L4,1
michael v,L4,1
michaela kuklinkova,L4,1
michelle b,L4,1
michelle wild,L4,1
mike adriano,L4,1
mike blaze,L4,1
mike davis,L4,1
mike dozer,L4,1
mike foster,L4,1
mike hash,L4,1
mike hawk,L4,1
mike john,L4,1
mikey butders,L4,1
miles malone,L4,1
milf,L4,1
milking,L3,2
milks,L3,2
mischa brooks,L4,1
missy monroe,L4,1
mistress,L3,2
misty stone,L4,1
mitchell grant,L4,1
mlada,L1,2
mlade,L1,2
mladej,L1,2
mladejma,L1,2
mladi,L1,2
mladou,L1,2
mladoucke,L1,2
mladouckejma,L1,2
mladoucky,L1,2
mlady,L1,2
mladych,L1,2
mladymi,L1,2
moby dick,L0,2
mofos,L4,1
molly cavalli,L4,1
mom,L1,2
mommy,L1,2
moms,L1,2
momsgiveass,L4,1
monique alexander,L4,1
monique fuentes,L4,1
monsters of cock,L4,2
monstersofcock,L4,2
mouth,L1,2
mrda,L3,1
mrdal,L4,1
mrdani,L4,1
mrdat,L4,1
mucen,L2,1
muceni,L2,1
nabokov,L0,2
nactilet,L1,1
nadrzen,L3,1
nagi patrol,L0,2
naha,L3,2
nahace,L1,2
nahaci,L1,2
nahat,L3,1
nahe,L3,2
nahejch,L3,2
nahou,L3,2
nahy,L3,2
nahy prachy,L4,1
nacho vidal,L4,1
nail,L1,2
nailed,L3,2
naked,L3,2
naked and marooned,L0,2
namorni vysetrovaci sluzba,L0,2
naomi russell,L4,1
nasili,L2,2
nasilne,L2,2
nat turnher,L4,1
natalia starr,L4,1
nathan threat,L4,1
natural,L1,2
naturist,L1,2
naughty,L3,2
naughty america,L4,1
naughtyamerica,L4,1
nautica thorn,L4,1
neighbor,L1,2
nemecke,L1,2
nemeckou,L1,2
nemecky,L1,2
nemka,L1,2
nemky,L1,2
neskusen,L3,1
nessa devil,L4,1
nevina,L1,2
nevinejma,L1,2
nevinou,L1,2
neviny,L1,2
nezkusen,L1,1
nezletil,L2,1
nic lanchey,L4,1
nice,L1,2
nick east,L4,1
nick jacobs,L4,1
nick lang,L4,1
nick manning,L4,1
nick nude,L4,1
nicole aniston,L4,1
nicole graves,L4,1
nicole ray,L4,1
nikita von james,L4,1
nikki benz,L4,1
nikki daniels,L4,1
nikki hunter,L4,1
nikki nievez,L4,1
nikki rhodes,L4,1
nikko night,L4,1
nikky thorne,L4,1
nikola jiraskova,L4,1
nina hartley,L4,1
nipple,L3,2
nipples,L3,2
nubile films,L4,1
nubilefilms,L4,1
nubiles,L4,1
nude,L3,2
nudes,L3,2
nudist,L1,1
nurse,L1,2
nurses,L1,2
nymfo,L3,1
nymph,L3,1
oblicej,L1,1
oblizat,L1,2
obliznout,L1,2
ocas,L1,2
ocasem,L1,2
odpan,L4,1
old,L1,2
old and young,L4,2
old young,L3,2
older,L1,2
oliver sanchez,L4,1
oliver strelly,L4,1
olizal,L1,2
olizat,L1,2
omrd,L4,1
oprca,L4,1
oqsx,L4,2
oral,L3,2
oralek,L3,2
oralni,L3,2
oralniho,L3,2
orgasm,L3,2
orgasmus,L3,2
orgasmuz,L3,2
orgasmy,L3,2
orgie,L3,2
orgien,L3,2
orgies,L3,2
orgy,L3,2
osmanactk,L3,1
osmilet,L2,1
osmnact,L1,1
osouloz,L4,1
osousta,L4,1
otce,L1,2
otcem,L1,2
otrok,L2,1
otto bauer,L4,1
outdoor,L1,2
outside,L1,2
ovce,L2,2
ovci,L2,2
pain,L2,2
painful,L2,2
pair,L1,2
pamela anderson,L1,2
pani,L1,2
panties,L3,2
pantyhose,L4,1
paris hilton,L1,2
paris kennedy,L4,1
park,L1,2
parku,L1,2
party,L1,2
party hardcore,L4,1
pascal st james,L4,1
pat myne,L4,1
patnactilet,L2,1
patrik schuster,L4,1
paul wagner,L4,1
paula wild,L4,1
paulo mack,L4,1
pauly harker,L4,1
pavel sahaj,L4,1
pdo,L5,2
pecko,L3,2
pedofil,L5,1
pedofilie,L5,1
pedophile,L5,1
pedophilia,L5,1
pee,L3,2
peeing,L3,2
pekna,L1,2
peknou,L1,2
penetration,L3,2
penetred,L3,2
penis,L3,1
penny pax,L4,1
penthouse,L4,1
perfect,L1,2
persia decarlo,L4,1
pervers,L5,1
perverz,L5,1
pes,L2,2
pete le meat,L4,1
peter north,L4,1
peter rain,L4,1
petilet,L2,1
phat zane,L4,1
phil gash,L4,1
philip k dick,L0,2
philip kindred dick,L0,2
philippe soine,L4,1
phoenix marie,L4,1
piano solo,L0,2
pica,L4,2
pici,L4,2
picka,L4,2
pickups,L4,1
picu,L4,2
pierre woodman,L4,1
picha,L3,2
pichal,L3,2
pichani,L3,2
pichat,L3,2
pink,L1,2
pinky,L1,2
pinky june,L4,1
piss,L4,2
pissed,L4,2
pissing,L4,2
pitt garcia,L4,1
playboy,L3,2
pleasure,L1,2
pocura,L3,2
pocural,L3,2
pocurat,L3,2
podfuck,L0,2
polkla,L1,1
polyka,L3,1
poorn,L4,1
poppy morgan,L4,1
porn,L4,2
pornhub,L4,2
porno,L4,2
pornoakce,L4,2
pornografie,L4,2
pornostar,L4,2
pornstar,L4,2
pornstars,L4,2
postel,L1,1
postylce,L1,2
postylka,L1,2
pound the round,L4,1
pov,L3,2
prava blondynka,L0,2
prca,L3,2
prcani,L4,2
prcat,L4,2
prdel,L3,1
prefikn,L3,1
pregnant,L1,2
preteen,L5,1
pretty,L1,2
preversion,L5,1
prevert,L5,1
prince yahshua,L4,1
prisna,L1,2
privat,L1,2
private,L1,2
private practice,L0,2
private ryan,L0,2
privatni,L1,2
priya rai,L4,1
protivny sprosty holky,L0,2
prsa,L3,1
prsteni,L4,1
prsti,L4,2
prstit,L4,2
psa,L2,2
psem,L2,2
psi,L2,2
psovi,L2,2
public,L3,2
public agent,L4,1
public pickups,L4,1
publicagent,L4,1
publicinvasion,L4,1
publicpickups,L4,1
punish,L1,1
pussies,L4,2
pussy,L4,2
pussycat dolls,L0,2
qsx,L4,2
queensnake,L4,1
radioamater,L0,2
rachael madori,L4,1
rachel roxxx,L4,1
rachel solari,L4,1
rachel starr,L4,1
ralph long,L4,1
rammed,L5,2
ramon nomar,L4,1
randy redwood,L4,1
randy spears,L4,1
randy west,L4,1
rape,L5,2
raped,L5,2
rapes,L5,2
raping,L5,2
rapist,L5,2
ray shannon,L4,1
ray swazy,L4,1
ready prince jr,L4,1
real,L1,2
real wife stories,L4,2
reality kings,L3,2
realitykings,L3,2
realwifestories,L4,2
rebeca linares,L4,1
redhead,L1,2
redtube,L4,1
remy lacroix,L4,1
renata davila,L4,1
renee perez,L4,1
reno angelo,L4,1
revolting cocks,L0,2
ricardo bell,L4,1
rick masters,L4,1
rick patrick,L4,1
rick taylor,L4,1
ricky valentino,L4,1
rico strong,L4,1
ride,L1,2
rides,L1,2
riding,L1,2
rihanna rimes,L4,1
richard kline,L4,1
richard langin,L4,1
richie rich,L4,1
riley evans,L4,1
riley reid,L4,1
rimjob,L4,1
rimming,L4,1
ripe,L2,2
riped,L2,2
rita neri,L4,1
rob rotten,L4,1
robbie james,L4,1
robert cumming,L0,2
robert rosenberg,L4,1
robert whaad,L4,1
rocco,L1,2
rocco reed,L4,1
rocco siffredi,L4,1
rock n rod,L4,1
rod fontana,L4,1
rodinne,L2,2
rodinny,L2,2
rodney moore,L4,1
roly reeves,L4,1
ron jeremy,L4,1
ronnie coxx,L4,1
rosenberg,L3,2
rough,L1,2
roxy panther,L4,1
roxy raye,L4,1
rubbed,L1,2
rubbing,L1,2
rubbs,L1,2
ruska,L1,2
ruskama,L1,2
ruskou,L1,2
rusku,L1,2
russian,L1,2
ryan knox,L4,1
ryan rose,L4,1
ryder skye,L4,1
rychly prachy,L3,2
rychlyprachy,L3,2
sadism,L2,1
sadistic,L2,1
sado maso,L4,1
sam strong,L4,1
samantha saint,L4,1
sammie rhodes,L4,1
sana fey,L4,1
sandra romain,L4,1
sandro da rosa,L4,1
sara jay,L4,1
sarah jessie,L4,1
sarah vandella,L4,1
sarah young,L4,1
sasha grey,L4,1
sasha rose,L4,1
savannah stern,L4,1
scarlett pain,L4,1
scott lyons,L4,1
scott nails,L4,1
scott stone,L4,1
scott styles,L4,1
sea kid,L4,1
sean cody,L4,1
sean michaels,L4,1
sean rider,L4,1
sean silver,L4,1
sean zevran,L4,1
sebastian young,L4,1
sedmilet,L2,1
sedmnactilet,L2,1
seduces couple,L4,1
segra,L1,2
segrama,L1,2
segrou,L1,2
segru,L1,2
segry,L1,2
sellyourgf,L4,1
semenem,L3,2
semeno,L3,2
sensual,L1,2
sergio escoto,L4,1
sergio suarez,L4,1
sester,L1,2
sestilet,L2,1
sestnacitlet,L2,1
sestra,L1,2
sestre,L1,2
sestrick,L1,1
sestrou,L1,2
sestru,L1,2
seth dickens,L4,1
seth fornea,L4,1
seventeen,L2,2
sex,L3,1
sex and the city,L0,2
sex assault,L4,1
sex in the city,L0,2
sex laska a tajemstvi,L0,2
sex pistols,L0,2
sex ve meste,L0,2
sexbomba od vedle,L0,2
sexmise,L0,2
sextan,L0,2
sextet,L0,2
sexteto,L0,2
sexualni praktiky pozemstanu,L0,2
sexualni vychova,L0,2
sexy and i know it,L0,2
shane diesel,L4,1
sharon lee,L4,1
shawn abir,L4,1
shawna lenee,L4,1
sheep,L2,2
sheeps,L2,2
shemale,L4,1
shorty mac,L4,1
shotathome,L4,1
shower,L1,2
showering,L1,2
shyla stylez,L4,1
school,L1,2
schoolgirl,L3,1
sienna west,L4,1
siffredi,L3,2
silvia saint,L4,1
simone peach,L4,1
simony diamond,L4,1
sister,L1,2
sisters,L1,2
siterip,L4,1
sixteen,L2,2
skarlet fever,L4,1
skinny,L1,2
skolack,L1,1
skupinovy,L1,2
slave,L2,2
slaves,L2,2
sleep,L1,1
sleep sez,L4,1
slimm dawg,L4,1
slizat,L1,2
sliznout,L1,2
slovenk,L1,1
slovenske,L1,2
slut,L3,1
sly stabone,L4,1
small,L1,2
smirovana,L3,2
smirovani,L3,2
smirovat,L3,2
smiruje,L3,2
sodomie,L2,2
sofia gucci,L4,1
softcore,L4,1
solicko,L3,2
solo,L3,2
solo na piano,L0,2
solo zpev,L0,2
son,L1,2
sons,L1,2
sophie dee,L4,1
souloz,L4,1
sousta,L4,1
soustava,L0,2
soustavne,L0,2
south park,L0,2
spandex,L3,1
sperm,L3,2
sperma,L3,2
sprost,L1,1
squirt,L4,1
stacy silver,L4,1
star,L1,2
stara,L1,2
starej,L1,2
starejma,L1,2
starou,L1,2
starsi,L1,2
starsima,L1,2
step,L1,2
stepbro,L1,1
stepda,L1,1
stepfa,L1,1
stephanie cane,L4,1
stepmo,L1,1
stepsis,L1,1
stepso,L1,1
steve austin,L4,1
steve drake,L4,1
steve hatcher,L4,1
steve holmes,L4,1
steve jagger,L4,1
steve james,L4,1
steve taylor,L4,1
steven french,L4,1
steven st croix,L4,1
stoparka,L1,2
stoparky,L1,2
stopuje,L1,2
stormy daniels,L4,1
stranded teens,L4,1
strapon,L4,1
street,L1,2
streets,L1,2
strika,L3,1
striptiz,L3,1
striptyz,L3,1
stroke,L1,2
strokes,L1,2
stroking,L3,2
subinka,L3,2
subinkou,L3,2
subinku,L3,2
submision,L3,2
submission,L3,2
suck,L3,1
sucker punch,L0,2
suka,L4,1
suky,L3,2
sunshine rivers,L4,1
svazana,L2,2
svazovani,L2,2
sweet,L1,1
swingers,L4,1
sylvio mata,L4,1
syn,L1,2
syna,L1,2
synem,L1,2
synuv,L1,2
t j cummings,L4,1
t t boy,L4,1
tanga,L3,2
tangach,L3,2
tanya james,L4,1
tanya tate,L4,1
tara white,L4,1
tarra white,L4,1
taryn thomas,L4,1
tata,L1,2
tatiana brown,L4,1
tatinek,L1,2
tatinkem,L1,2
tatinkovi,L1,2
tatuv,L1,2
taty,L1,2
tee reel,L4,1
teeen,L3,2
teen,L3,2
teen wolf,L0,2
teenburg,L4,1
teenie,L3,2
teenka,L3,2
teenkami,L3,2
teenkou,L3,2
teenku,L3,2
teenky,L3,2
teenmodel,L4,1
teens,L3,2
teens try,L4,1
teeny,L3,2
tenns porno,L4,1
tera joy,L4,1
tera patrick,L4,1
teresa orlowski,L4,1
teri weigel,L4,1
thai,L1,2
thaiek,L1,2
thaika,L1,2
thaikama,L1,2
thaikou,L1,2
thaiku,L1,2
the big bang theory,L0,2
thirteen,L2,2
thomas crown,L4,1
thomas stone,L4,1
three,L1,2
threesome,L3,2
tight,L1,2
tim von swine,L4,1
tim walker,L4,1
timoti hayd,L4,1
tinto brass,L4,1
tipsy,L1,2
tits,L3,2
titty,L3,2
titus steel,L4,1
tlusta,L1,2
tluste,L1,2
tod brunetti,L4,1
tokyo,L1,2
tokyo hot,L4,1
tom byron,L4,1
tom cruiso,L4,1
tommy gunn,L4,1
tommy j,L4,1
tone capone,L4,1
toni ribas,L4,1
tony desergio,L4,1
tony eveready,L4,1
tony michaels,L4,1
tony pounds,L4,1
tony sexton,L4,1
tony tedeschi,L4,1
topher dimaggio,L4,1
tori black,L4,1
tory lane,L4,1
touch,L1,2
touches,L1,2
touching,L1,2
toy,L1,2
toying,L3,2
trannies,L4,2
tranny,L4,2
trannys,L4,2
transsexual,L3,1
trany,L3,2
trech,L1,2
trent soluri,L4,1
trent tesoro,L4,1
trevor thompson,L4,1
trevor zen,L4,1
tricetilet,L1,1
tricitek,L1,2
tricitka,L1,2
tricitkou,L1,2
trilet,L2,2
trilete,L2,2
triletejma,L2,2
triletou,L2,2
triletymi,L2,2
trinactilet,L2,1
trio,L1,2
tristan segal,L4,1
trojka,L1,2
tryteens,L4,1
tsukaima,L0,2
tube8,L4,2
twelve,L2,2
twinks,L4,2
twins,L1,2
two,L1,2
ty roderick,L4,1
tyce bune,L4,1
tyler knight,L4,1
tyler wood,L4,1
udela,L1,1
udela se,L4,1
udelat se,L4,1
udelej se,L4,1
underage,L2,2
university,L1,2
upskirt,L4,1
upskirts,L4,1
uziva,L1,2
uzivat,L1,2
vagina,L3,2
vaginu,L3,2
valentina nappi,L4,1
valentina velasques,L4,1
vampires suck,L0,2
van damage,L4,1
varian gray,L4,1
velicity von,L4,1
velka,L1,2
velke,L1,2
velky,L1,2
venku,L1,2
veronica rodriguez,L4,1
veruca james,L4,1
vibrator,L3,1
vicky vette,L4,1
victoria sin,L4,1
vince vouyer,L4,1
vintage,L1,2
violence,L2,1
violent,L2,1
virgin,L3,1
vivian schmitt,L4,1
viviane schmitt,L4,1
vopicha,L3,1
voyeur,L3,2
vykouri,L3,2
vykourit,L3,2
vylizat,L3,2
vymrda,L4,1
vyprask,L1,2
vyprca,L4,1
vyprstena,L4,2
vyprsti,L4,2
vyprstit,L4,2
vysoka,L1,2
vysoke,L1,2
vysousta,L4,1
vystrik,L3,1
wade hardman,L4,1
warren pierce,L4,1
webcam,L1,1
webkam,L1,1
wein lewis,L4,1
wesley pipes,L4,1
wet,L1,2
whip,L2,2
whipping,L2,2
whitney westgate,L4,1
whore,L3,2
wife,L1,2
wifes,L1,2
wild,L1,2
wilde oscar,L4,1
will powers,L4,1
wkd,L4,2
woman,L1,2
women,L1,2
wowgirls,L4,1
x x x,L3,2
xart,L4,2
xhamster,L4,1
xvideos,L4,1
xxx,L3,1
yoga,L1,2
young,L1,2
younger,L1,2
younglegalporn,L4,1
youngporn,L4,1
youngthroats,L4,1
zack a miri toci porno,L0,2
zadecek,L3,2
zadeckem,L3,2
zadecku,L3,2
zadecky,L3,2
zadek,L3,2
zadku,L3,2
zadky,L3,2
zaneta rosenberg,L4,1
zbouch,L3,1
zena,L1,2
zenou,L1,2
zensa raggi,L4,1
zenska,L1,2
zenske,L1,2
zenskou,L1,2
zensky,L1,2
zenu,L1,2
zeny,L1,2
zkusen,L1,1
zmrda,L4,1
znasiln,L5,1
zneuzit,L2,1
zoo,L2,2
zoofil,L5,1
zoophil,L5,1
zooskool,L5,1
zrala,L1,2
zrale,L1,2
zralych,L1,2
zrzatou,L1,2
zrzaty,L1,2
zrzka,L1,2
zrzkama,L1,2
zrzkou,L1,2
zrzku,L1,2
ztod,L4,2
zubata vagina,L0,2
zuzana drabinova,L4,1
zvirat,L2,1
zvire,L2,1
joymii,L4,2
female agent,L4,2
simonscans,L4,2
hotlegsandfeet,L4,2
hot legs and feet,L4,2
club sandy,L4,2
clubsandy,L4,2
sapphira,L3,2
teendreams,L4,2
teen dreams,L4,2
