4teens,L0,2
alan cumming,L0,2
albumart,L0,2
beastie boys,L0,2
black eyed children,L0,2
blacked out sun,L0,2
blink 182,L0,2
blood sugar sex,L0,2
brodie cumming,L0,2
budbenicke solo,L0,2
buzzcock,L0,1
cock robin,L0,2
cock sparrer,L0,2
dedictvi aneb kurva se nerika,L0,2
desuka,L0,2
dick francis,L0,2
dick philip,L0,2
dickens,L0,2
dickinson,L0,2
dirty sexy money,L0,1
dirtysexymoney,L0,1
dj kisluter,L0,2
dokument,L0,2
dont trust the bitch in apartment,L0,2
drum solo,L0,2
ebony tears,L0,2
elektro sluts,L0,2
elektronika,L0,2
elektrosluts,L0,2
emanuelle rocco,L0,2
freddy got fingered ,L0,1
ghost hunters,L0,2
guitar solo,L0,2
hovorme o sexe,L0,2
how i met your mother,L0,2
hunter x hunter,L0,2
chilli sex a samba,L0,2
itsuka,L0,2
ja padouch,L0,2
jamie private school girl,L0,2
jane the virgin,L0,2
kick ass,L0,2
krtek a kalhotky,L0,2
kurva hosi gutentag,L0,2
kytarove solo,L0,2
los pedofilos,L0,2
lucifer incestus,L0,2
masters of sex,L0,2
moby dick,L0,2
nabokov,L0,2
nagi patrol,L0,2
naked and famous,L0,2
naked and marooned,L0,2
namorni vysetrovaci sluzba,L0,2
perverse doom,L0,2
philip k dick,L0,2
philip kindred dick,L0,2
piano solo,L0,2
podfuck,L0,2
prava blondynka,L0,2
private practice,L0,2
private ryan,L0,2
protivny sprosty holky,L0,2
pussycat dolls,L0,2
radioamater,L0,2
revolting cocks,L0,2
robert cumming,L0,2
rodinne pripady,L0,2
sex and the city,L0,2
sex in the city,L0,2
sex laska a tajemstvi,L0,2
sex pistols,L0,2
sex ve meste,L0,2
sexbomba od vedle,L0,2
sexmise,L0,2
sextan,L0,2
sextet,L0,2
sexteto,L0,2
sexualni praktiky pozemstanu,L0,2
sexualni vychova,L0,2
sexy and i know it,L0,2
smrt pedofila,L0,2
solo na piano,L0,2
solo zpev,L0,2
soustava,L0,2
soustavne,L0,2
south park,L0,2
stari psi nove penisy,L0,2
sucker punch,L0,2
support lesbiens,L0,2
teen wolf,L0,2
the big bang theory,L0,2
tsukaima,L0,2
vampires suck,L0,2
young and hungry,L0,2
zack a miri toci porno,L0,2
zatah na pedofily,L0,2
zivot nie je pes je to suka,L0,2
zubata vagina,L0,2
african,L1,1
age,L1,2
agent,L1,2
akci,L1,2
americanka,L1,2
americanky,L1,2
angel,L1,2
anime,L1,1
ashley,L1,2
asia,L1,2
asiat,L1,2
asiatek,L1,2
asiati,L1,2
asiatka,L1,2
asiatkou,L1,2
asiatku,L1,2
asiatky,L1,2
asijsky,L1,2
babe,L1,2
babicce,L1,2
babicka,L1,2
babickou,L1,2
babicky,L1,2
babysitter,L1,2
backseat,L1,1
baculce,L1,2
baculka,L1,2
baculkou,L1,2
baculku,L1,2
baculky,L1,2
bachovo,L1,2
bam,L1,2
bang,L1,2
bath,L1,2
bbc,L1,2
beach,L1,2
beautiful,L1,1
beauty,L1,1
big,L1,2
bigger,L1,2
biggest,L1,2
bj,L1,2
black,L1,2
blond,L1,1
blow,L1,2
booty,L1,2
boss,L1,2
bosses,L1,2
boubel,L1,1
boy,L1,1
bracha,L1,2
brachou,L1,2
brachovi,L1,2
brandi,L1,2
bratr,L1,2
bratra,L1,2
bratrovi,L1,2
bratrovo,L1,2
brunet,L1,1
bruno,L1,2
bust,L1,2
busted,L1,2
butt,L1,2
butts,L1,2
candy,L1,2
cartoon,L1,1
cc,L1,2
celebrities,L1,2
cernej,L1,1
cernos,L1,1
cernou,L1,1
cernovlas,L1,1
cerny,L1,2
cernyma,L1,2
cery,L1,2
ceska,L1,2
ceske,L1,2
ceskej,L1,2
ceskemu,L1,2
ceskou,L1,2
cesky,L1,2
cikan,L1,1
classic,L1,2
coach,L1,2
college,L1,1
compilation,L1,2
compilations,L1,2
cougar,L1,2
couple,L1,2
couples,L1,2
ctyricitka,L1,2
ctyricitku,L1,2
cute,L1,2
cutie,L1,2
czech,L1,2
dasha,L1,2
daughter,L1,2
daughters,L1,2
dcera,L1,2
dcerou,L1,2
dceru,L1,2
dcery,L1,2
deda,L1,2
dedecek,L1,2
dedeceka,L1,2
dedeckem,L1,2
dedek,L1,2
dedkem,L1,2
dedkovi,L1,2
dedou,L1,2
dedovi,L1,2
deep,L1,2
delaj,L1,2
delaji,L1,2
delat,L1,2
delicate,L1,2
delicious,L1,2
devatenactka,L1,2
devatenactku,L1,2
devceti,L1,2
devon,L1,2
dirty,L1,2
divci,L1,2
divka,L1,2
divky,L1,2
doll,L1,2
dolls,L1,2
dolly,L1,2
domaci,L1,2
doughter,L1,1
drill,L1,1
drsne,L1,2
drsny,L1,2
drunk,L1,1
dude,L1,2
dudes,L1,2
dvacitka,L1,2
dvacitku,L1,2
eat,L1,2
emmanuelle,L1,2
enjoy,L1,1
erotic,L1,2
erotica,L1,2
erotical,L1,2
eroticka,L1,2
eroticke,L1,2
eroticky,L1,2
erotik,L1,2
erotika,L1,2
exotic,L1,1
extrem,L1,1
face,L1,2
fake,L1,2
fantasies,L1,2
fantasy,L1,1
fat,L1,2
father,L1,2
fatter,L1,2
fattest,L1,2
feet,L1,2
female,L1,2
finger,L1,2
fingers,L1,2
first,L1,2
fist,L1,2
fists,L1,2
flirt,L1,2
flirtation,L1,2
flirting,L1,2
flirts,L1,2
flogging,L1,2
foot,L1,2
forest,L1,2
french,L1,2
ftv,L1,2
german,L1,2
get,L1,2
gets,L1,2
getting,L1,2
gf,L1,2
gipsy,L1,2
girl,L1,1
gorgeous,L1,2
grandfa,L1,1
grandma,L1,1
grandpa,L1,1
grann,L1,1
guy,L1,2
guys,L1,2
gym,L1,2
hair,L1,2
haired,L1,2
hand,L1,2
hard,L1,2
harder,L1,2
hardest,L1,2
heels,L1,2
hidden,L1,2
high,L1,2
highheels,L1,2
hitchhike,L1,1
holek,L1,2
holka,L1,2
holkami,L1,2
holkou,L1,2
holky,L1,2
home,L1,2
homemade,L1,2
honi,L1,2
honit,L1,2
hospital,L1,2
hot,L1,2
hotter,L1,2
hottest,L1,2
housewife,L1,2
hubena,L1,2
hubene,L1,2
hubenou,L1,2
hubeny,L1,2
huge,L1,2
hunter,L1,2
husband,L1,2
cheat,L1,1
cheerleader,L1,2
cheerleaders,L1,2
chlapek,L1,2
chlupat,L1,1
chubby,L1,2
inside,L1,2
intense,L1,2
internal,L1,2
international,L1,2
interracial,L1,2
italian,L1,2
jade,L1,2
japan,L1,1
japon,L1,1
jessica,L1,2
juicy,L1,2
kabince,L1,2
kabinka,L1,2
kamarad,L1,1
kamasutra,L1,2
kelly,L1,2
kluci,L1,2
kondom,L1,2
korean,L1,2
kraska,L1,2
krasna,L1,2
kuracka,L1,2
ladies,L1,2
lady,L1,2
latin,L1,1
leggings,L1,2
lesa,L1,2
lese,L1,2
leta,L1,2
lete,L1,2
leti,L1,2
letou,L1,2
lexi,L1,2
liba,L1,1
lick,L1,2
licks,L1,2
little,L1,2
lonely,L1,2
love,L1,2
lover,L1,2
lovers,L1,2
loves,L1,2
loznice,L1,2
loznici,L1,2
lusty,L1,1
madarka,L1,2
madarkama,L1,2
madarkou,L1,2
madarku,L1,2
maid,L1,2
maids,L1,2
mala,L1,2
male,L1,2
malou,L1,2
mama,L1,2
mame,L1,2
mamou,L1,2
mamu,L1,2
mamy,L1,2
masaz,L1,2
masirovat,L1,2
masiruje,L1,2
massage,L1,1
matcina,L1,2
matcinou,L1,2
matcinu,L1,2
matek,L1,2
matka,L1,2
matkou,L1,2
matku,L1,2
matky,L1,2
men,L1,2
michelle,L1,2
mlada,L1,2
mlade,L1,2
mladej,L1,2
mladejma,L1,2
mladi,L1,2
mladou,L1,2
mladoucke,L1,2
mladouckejma,L1,2
mladoucky,L1,2
mlady,L1,2
mladych,L1,2
mladymi,L1,2
mom,L1,2
mommy,L1,2
moms,L1,2
mouth,L1,2
nactilet,L1,1
nahace,L1,2
nahaci,L1,2
nail,L1,2
natural,L1,2
naturist,L1,2
neighbor,L1,2
nemecke,L1,2
nemeckou,L1,2
nemecky,L1,2
nemka,L1,2
nemky,L1,2
nevina,L1,2
nevinejma,L1,2
nevinou,L1,2
neviny,L1,2
nezkusen,L1,1
nice,L1,2
nicole,L1,2
nikki,L1,2
nudist,L1,1
nurse,L1,2
nurses,L1,2
oblicej,L1,1
oblizat,L1,2
obliznout,L1,2
ocas,L1,2
ocasem,L1,2
old,L1,2
older,L1,2
olizal,L1,2
olizat,L1,2
osmnact,L1,1
osmnactka,L1,2
osmnactku,L1,2
otce,L1,2
otcem,L1,2
outdoor,L1,2
outside,L1,2
pair,L1,2
pamela anderson,L1,2
pani,L1,2
panicka,L1,2
pants,L1,2
paris hilton,L1,2
park,L1,2
parku,L1,2
party,L1,2
peach,L1,1
pekna,L1,2
peknou,L1,2
perem,L1,2
perfect,L1,2
pero,L1,2
petite,L1,2
pink,L1,2
pinky,L1,2
pleasure,L1,2
polkla,L1,1
postel,L1,1
postylce,L1,2
postylka,L1,2
pregnant,L1,2
pretty,L1,2
prisna,L1,2
pritel,L1,2
pritele,L1,2
pritelkyne ,L1,2
pritelkyni,L1,2
privat,L1,2
private,L1,2
privatni,L1,2
prsty,L1,2
punish,L1,1
pusa,L1,2
pusy,L1,2
real,L1,2
redhead,L1,2
ride,L1,2
rides,L1,2
riding,L1,2
rim,L1,2
rocco,L1,2
rostenka,L1,2
rostenku,L1,2
rostenky,L1,2
rough,L1,2
rubbed,L1,2
rubbing,L1,2
rubbs,L1,2
ruska,L1,2
ruskama,L1,2
ruskou,L1,2
rusku,L1,2
rusky,L1,2
russian,L1,2
sa s,L1,2
samantha,L1,2
sarah,L1,2
screw,L1,2
secretary,L1,2
segra,L1,2
segrama,L1,2
segrou,L1,2
segru,L1,2
segry,L1,2
sekretarka,L1,2
sekretarkou,L1,2
sekretarku,L1,2
sensual,L1,2
sester,L1,2
sestra,L1,2
sestre,L1,2
sestrick,L1,1
sestrou,L1,2
sestru,L1,2
show,L1,2
shower,L1,2
showering,L1,2
showing,L1,2
shy,L1,2
school,L1,2
sister,L1,2
sisters,L1,2
skinny,L1,2
skirt,L1,2
skolack,L1,1
skupinovy,L1,2
slizat,L1,2
sliznout,L1,2
slovenk,L1,1
slovenske,L1,2
small,L1,2
son,L1,2
sons,L1,2
sprcha,L1,2
sprchy,L1,2
sprost,L1,1
sprse,L1,2
star,L1,2
stara,L1,2
starej,L1,2
starejma,L1,2
starou,L1,2
starsi,L1,2
starsima,L1,2
step,L1,2
stepbro,L1,1
stepda,L1,1
stepfa,L1,1
stepmo,L1,1
stepsis,L1,1
stepso,L1,1
stoparka,L1,2
stoparky,L1,2
stopuje,L1,2
street,L1,2
streets,L1,2
strips,L1,2
stroke,L1,2
strokes,L1,2
stunning,L1,2
summer,L1,2
sweet,L1,1
syn,L1,2
syna,L1,2
synem,L1,2
synovi,L1,2
synuv,L1,2
tata,L1,2
tatinek,L1,2
tatinkem,L1,2
tatinkovi,L1,2
tatuv,L1,2
taty,L1,2
tease,L1,2
teasing,L1,2
thai,L1,2
thaiek,L1,2
thaika,L1,2
thaikama,L1,2
thaikou,L1,2
thaiku,L1,2
three,L1,2
tiffany,L1,2
tight,L1,2
tipsy,L1,2
tit,L1,1
tlusta,L1,2
tluste,L1,2
tokyo,L1,2
touch,L1,2
touches,L1,2
touching,L1,2
toy,L1,2
trans,L1,2
trech,L1,2
tricetilet,L1,1
tricitek,L1,2
tricitka,L1,2
tricitkou,L1,2
tricitku,L1,2
trio,L1,2
trojka,L1,2
twins,L1,2
two,L1,2
udela,L1,1
university,L1,2
uziva,L1,2
uzivat,L1,2
vanessa,L1,2
velka,L1,2
velke,L1,2
velky,L1,2
velkym,L1,2
venku,L1,2
veronica,L1,2
victoria,L1,2
vintage,L1,2
vyprask,L1,2
vysoka,L1,2
vysoke,L1,2
webcam,L1,1
webkam,L1,1
wet,L1,2
white,L1,2
wife,L1,2
wifes,L1,2
wild,L1,2
woman,L1,2
women,L1,2
yoga,L1,2
young,L1,2
younger,L1,2
za prachy,L1,2
zena,L1,2
zenou,L1,2
zenska,L1,2
zenske,L1,2
zenskou,L1,2
zensky,L1,2
zenu,L1,2
zeny,L1,2
zkusen,L1,1
zrala,L1,2
zrale,L1,2
zralych,L1,2
zrzatou,L1,2
zrzaty,L1,2
zrzka,L1,2
zrzkama,L1,2
zrzkou,L1,2
zrzku,L1,2
10 let,L2,2
10 leta,L2,2
10 lete,L2,2
10 leti,L2,2
10 letou,L2,2
10 lety,L2,2
10 letym,L2,2
10 year,L2,2
10 years,L2,2
11 let,L2,2
11 leta,L2,2
11 lete,L2,2
11 leti,L2,2
11 letou,L2,2
11 lety,L2,2
11 letym,L2,2
11 year,L2,2
11 years,L2,2
12 let,L2,2
12 leta,L2,2
12 lete,L2,2
12 leti,L2,2
12 letou,L2,2
12 lety,L2,2
12 letym,L2,2
12 year,L2,2
12 years,L2,2
13 let,L2,2
13 leta,L2,2
13 lete,L2,2
13 leti,L2,2
13 letou,L2,2
13 lety,L2,2
13 letym,L2,2
13 year,L2,2
13 years,L2,2
14 let,L2,2
14 leta,L2,2
14 lete,L2,2
14 leti,L2,2
14 letou,L2,2
14 lety,L2,2
14 letym,L2,2
14 year,L2,2
14 years,L2,2
15 let,L2,2
15 leta,L2,2
15 lete,L2,2
15 leti,L2,2
15 letou,L2,2
15 lety,L2,2
15 letym,L2,2
15 year,L2,2
15 years,L2,2
16 let,L2,2
16 leta,L2,2
16 lete,L2,2
16 leti,L2,2
16 letou,L2,2
16 lety,L2,2
16 letym,L2,2
16 year,L2,2
16 years,L2,2
17 let,L2,2
17 leta,L2,2
17 lete,L2,2
17 leti,L2,2
17 letou,L2,2
17 lety,L2,2
17 letym,L2,2
17 year,L2,2
17 years,L2,2
adult baby,L2,2
anesthetization,L2,2
anesthetize,L2,2
anesthetized,L2,2
anesthetizing,L2,2
animal,L2,1
animalni,L2,1
beast,L2,1
bic,L2,2
bicovani,L2,2
blit,L2,2
blood,L2,1
bracha a segra,L2,2
bracha a setra,L2,2
bracha se segrou,L2,2
bracha se sestrou,L2,2
bracha sestra,L2,2
bratr a sestra,L2,2
bratr se sestrou,L2,2
bratr sestra,L2,2
bratr suka,L2,2
brother and sister,L2,2
brother fuck,L2,2
brother fucks,L2,2
brother sister,L2,2
brother with sister,L2,2
brutal,L2,2
caning,L2,2
cannibal,L2,1
cruel,L2,2
ctrnactilet,L2,1
ctyrlet,L2,1
dad and daughter,L2,2
dad and son,L2,2
dad daughter,L2,2
dad fuck,L2,2
dad fucks,L2,2
dad son,L2,2
dad with daughter,L2,2
dad with son,L2,2
daughter and dad,L2,2
daughter and father,L2,2
daughter and mom,L2,2
daughter and mother,L2,2
daughter and son,L2,2
daughter dad,L2,2
daughter father,L2,2
daughter fuck,L2,2
daughter fucks,L2,2
daughter mom,L2,2
daughter mother,L2,2
daughter with dad,L2,2
daughter with father,L2,2
daughter with mom,L2,2
daughter with mother,L2,2
daughter with son,L2,2
daugter son,L2,2
dcera a mama,L2,2
dcera a matka,L2,2
dcera a otec,L2,2
dcera a syn,L2,2
dcera a tata,L2,2
dcera mama,L2,2
dcera matka,L2,2
dcera otec,L2,2
dcera s mamou,L2,2
dcera s matkou,L2,2
dcera s otcem,L2,2
dcera s tatou,L2,2
dcera se synem,L2,2
dcera suka,L2,2
dcera syn,L2,2
dcera tata,L2,2
decka,L2,2
decky,L2,2
desetile,L2,1
deti,L2,2
detska,L2,2
detske,L2,2
devitilet,L2,1
diaper,L2,2
diapers,L2,2
dog,L2,2
dogs,L2,2
drugg,L2,1
dvanactilet,L2,1
dvoulet,L2,1
eleven,L2,2
family,L2,2
father and daughter,L2,2
father daughter,L2,2
father fuck,L2,2
father fucks,L2,2
father son,L2,2
father with daughter,L2,2
fifteen,L2,1
fourteen,L2,2
fuddle,L2,2
fuddled,L2,2
fuddles,L2,2
fuddling,L2,2
hightide,L2,2
holcicce,L2,2
holcicka,L2,2
holcickou,L2,2
holcicku,L2,2
holcicky,L2,2
horse,L2,2
horses,L2,2
hypno,L2,2
chcani,L2,2
chcat,L2,2
chcije,L2,2
child,L2,2
children,L2,2
childrens,L2,2
childs,L2,2
inebriat,L2,1
jedenactileta,L2,2
jedenactilete,L2,2
jedenactiletejma,L2,2
jedenactiletou,L2,2
jedenastlieti,L2,2
jednolet,L2,1
kanibal,L2,1
kid,L2,2
kiddy,L2,2
kidnap,L2,2
kidnapping,L2,2
kids,L2,2
kinder,L2,2
kone,L2,2
konem,L2,2
kun,L2,2
lolit,L2,1
mama a dcera,L2,2
mama a syn,L2,2
mama dcera,L2,2
mama s dcerou,L2,2
mama se synem,L2,2
mama suka,L2,2
mama syn,L2,2
matka a dcera,L2,2
matka a syn,L2,2
matka dcera,L2,2
matka s dcerou,L2,2
matka se synem,L2,2
matka suka,L2,2
matka syn,L2,2
menstruace,L2,2
menstruation,L2,2
mom and daughter,L2,2
mom and son,L2,2
mom daughter,L2,2
mom fuck,L2,2
mom fucks,L2,2
mom son,L2,2
mom with daughter,L2,2
mom with son,L2,2
mother and daughter,L2,2
mother and son,L2,2
mother daughter,L2,2
mother fuck,L2,2
mother fucks,L2,2
mother son,L2,2
mother with daughter,L2,2
mother with son,L2,2
mucen,L2,1
muceni,L2,1
nasili,L2,2
nasilne,L2,2
nezletil,L2,1
osmilet,L2,1
otec a dcera,L2,2
otec a syn,L2,2
otec dcera,L2,2
otec s dcerou,L2,2
otec se synem,L2,2
otec suka,L2,2
otec syn,L2,2
otrok,L2,1
ovce,L2,2
ovci,L2,2
pain,L2,2
painful,L2,2
patnactilet,L2,1
patnactka,L2,2
patnactku,L2,2
pedo,L2,2
pee,L2,2
peeing,L2,2
pes,L2,2
petilet,L2,1
poblita,L2,2
pochcana,L2,2
pochcije,L2,2
posrana,L2,2
posrat,L2,2
pozvracena,L2,2
pozvracet,L2,2
psa,L2,2
psem,L2,2
psi,L2,2
psovi,L2,2
ripe,L2,2
riped,L2,2
rodinne,L2,2
rodinny,L2,2
rodinny ,L2,2
sadism,L2,1
sadistic,L2,1
sedmilet,L2,1
sedmnactilet,L2,1
sedmnactka,L2,2
sedmnactku,L2,2
segra a bracha,L2,2
sergra s brachou,L2,2
sestilet,L2,1
sestnacitlet,L2,1
sestnactka,L2,2
sestnactku,L2,2
sestra a bracha,L2,2
sestra a bratr,L2,2
sestra bracha,L2,2
sestra bratr,L2,2
sestra s brachou,L2,2
sestra s bratrem,L2,2
sestra suka,L2,2
seventeen,L2,2
sheep,L2,2
sheeps,L2,2
shit,L2,2
sister and brother,L2,2
sister brother,L2,2
sister fuck,L2,2
sister fucks,L2,2
sister with brother,L2,2
sixteen,L2,2
slave,L2,2
slaves,L2,2
sleep,L2,2
sleeping,L2,2
sodomie,L2,2
son and dad,L2,2
son and daughter,L2,2
son and mom,L2,2
son and mother,L2,2
son dad,L2,2
son daughter,L2,2
son father,L2,2
son fuck,L2,2
son fucks,L2,2
son mom,L2,2
son mother,L2,2
son with dad,L2,2
son with daughter,L2,2
son with mom,L2,2
son with mother,L2,2
srat,L2,2
svazana,L2,2
svazovani,L2,2
syn a dcera,L2,2
syn a mama,L2,2
syn a matka,L2,2
syn a otec,L2,2
syn a tata,L2,2
syn dcera,L2,2
syn mama,L2,2
syn matka,L2,2
syn otec,L2,2
syn s dcerou,L2,2
syn s mamou,L2,2
syn s matkou,L2,2
syn s otcem,L2,2
syn s tatou,L2,2
syn suka,L2,2
syn tata,L2,2
tata a dcera,L2,2
tata a syn,L2,2
tata dcera,L2,2
tata s dcerou,L2,2
tata se synem,L2,2
tata suka,L2,2
tata syn,L2,2
thirteen,L2,2
trilet,L2,2
trilete,L2,2
triletejma,L2,2
triletou,L2,2
triletymi,L2,2
trinactilet,L2,1
twelve,L2,2
underage,L2,2
violence,L2,2
violent,L2,2
vomit,L2,2
vomiting,L2,2
water sport,L2,2
water sports,L2,2
watersport,L2,2
watersports,L2,2
whip,L2,2
whipping,L2,2
zneuzit,L2,1
zoo,L2,1
zvirat,L2,1
zvire,L2,1
zvracet,L2,2
alss,L3,2
amater,L3,1
amateur,L3,1
ass,L3,2
assed,L3,2
asshole,L3,2
atk,L3,2
avatar the last airbender,L3,2
babes,L3,2
bangers,L3,2
barry scott,L3,2
bathing,L3,2
bating,L3,2
bb18,L3,2
bbw,L3,2
ben english,L3,2
bex,L3,2
bitch,L3,1
blechov,L3,1
boobies,L3,2
boobs,L3,2
bootie,L3,1
bradavk,L3,1
busty,L3,2
casting,L3,2
castings,L3,2
cecek,L3,2
ceck,L3,1
climax,L3,2
clit,L3,2
cock,L3,2
cocks,L3,2
cum,L3,2
cura,L3,2
curaky,L3,2
cural,L3,2
curani,L3,2
curat,L3,2
daddies,L3,2
devek,L3,2
devk,L3,1
dick,L3,2
dicks,L3,2
dildo,L3,2
divina,L3,2
domina,L3,2
dominan,L3,1
domine,L3,2
dominou,L3,2
dominy,L3,2
ebony,L3,2
eighteen,L3,1
ejacul,L3,1
ejakul,L3,1
emanuelle,L3,2
eric price,L3,2
eric swiss,L3,2
felace,L3,2
fick,L3,2
foursome,L3,2
fuck,L3,1
gay,L3,2
gdp,L3,2
ggg,L3,2
gyno clinic,L3,2
hairy,L3,2
hardcore,L3,1
harsh,L3,2
homo,L3,2
honeni,L3,2
hooker,L3,2
hookers,L3,2
horny,L3,2
hot and dirty,L3,1
hottie,L3,2
hustler,L3,2
changing room,L3,1
chick,L3,2
chicks,L3,2
innocen,L3,1
jav,L3,2
jerk,L3,1
kalhotek,L3,2
kalhotkami,L3,2
kalhotky,L3,2
kokot,L3,1
kokota,L3,2
kokotem,L3,2
koureni,L3,2
kouri,L3,2
kourit,L3,2
kozama,L3,2
kozata,L3,2
kozate,L3,2
kozicky,L3,2
kozy,L3,2
kurba,L3,2
kurbicka,L3,2
kurva,L3,2
kurvama,L3,2
kurvou,L3,2
kurvu,L3,2
kurvy,L3,2
latex,L3,1
licking,L3,2
lizani,L3,2
lizanie,L3,2
lizat,L3,2
lize,L3,2
london keyes,L3,2
lostbets,L3,2
lst,L3,2
lynn,L3,2
mamina,L3,2
mamine,L3,2
maminy,L3,2
mature,L3,2
milking,L3,2
milks,L3,2
mistress,L3,2
mrda,L3,1
mrdka,L3,2
mrdky,L3,2
nadrzen,L3,1
naha,L3,2
nahat,L3,1
nahe,L3,2
nahejch,L3,2
nahou,L3,2
nahy,L3,2
nailed,L3,2
naked,L3,2
naughty,L3,2
nekane,L3,2
neskusen,L3,1
nipple,L3,2
nipples,L3,2
nude,L3,2
nudes,L3,2
nvg,L3,2
nymfo,L3,1
nymph,L3,1
ojede,L3,2
ojeta,L3,2
oral,L3,2
oralek,L3,2
oralni,L3,2
oralniho,L3,2
orgasm,L3,2
orgasms,L3,2
orgasmus,L3,2
orgasmuz,L3,2
orgasmy,L3,2
orgie,L3,2
orgien,L3,2
orgies,L3,2
orgy,L3,2
osmanactk,L3,1
owk,L3,2
panties,L3,2
pba,L3,2
pecko,L3,2
penetrating,L3,2
penetration,L3,2
penetred,L3,2
penis,L3,1
picha,L3,2
pichaj,L3,2
pichaji,L3,2
pichal,L3,2
pichani,L3,2
pichat,L3,2
playboy,L3,2
pocura,L3,2
pocural,L3,2
pocurat,L3,2
polyka,L3,1
pov,L3,2
prca,L3,2
prdel,L3,1
prefikn,L3,1
pripinak,L3,2
pripinakem,L3,2
prsa,L3,1
puba,L3,2
public,L3,2
rosenberg,L3,2
rychly prachy,L3,2
rychlyprachy,L3,2
sapphira,L3,2
semenem,L3,2
semeno,L3,2
sex,L3,1
siffredi,L3,2
slut,L3,1
smirovana,L3,2
smirovani,L3,2
smirovat,L3,2
smiruje,L3,2
solicko,L3,2
solo,L3,2
spandex,L3,1
sperm,L3,2
sperma,L3,2
stickam,L3,2
strapless,L3,1
strika,L3,1
stripping,L3,2
striptiz,L3,1
striptyz,L3,1
stroking,L3,2
sts,L3,2
subinka,L3,2
subinkou,L3,2
subinku,L3,2
submision,L3,2
submission,L3,2
suck,L3,1
suky,L3,2
tanga,L3,2
tangach,L3,2
teeen,L3,2
teen,L3,2
teenie,L3,2
teenka,L3,2
teenkami,L3,2
teenkou,L3,2
teenku,L3,2
teenky,L3,2
teens,L3,2
teeny,L3,2
tits,L3,2
titty,L3,2
topless,L3,2
toying,L3,2
transsexual,L3,1
trany,L3,2
trojka s,L3,2
vagina,L3,2
vaginu,L3,2
vibrator,L3,1
virgin,L3,1
vojede,L3,2
vojeta,L3,2
vopicha,L3,1
voyeur,L3,2
vykouri,L3,2
vykourit,L3,2
vylizat,L3,2
vystrik,L3,1
whore,L3,2
x x x,L3,2
xxx,L3,1
yoga girls,L3,1
zadecek,L3,2
zadeckem,L3,2
zadecku,L3,2
zadecky,L3,2
zadek,L3,2
zadku,L3,2
zadky,L3,2
zbouch,L3,1
zrala zena,L3,2
zrale zeny,L3,2
zralou zenou,L3,2
18 onlygirls,L4,2
18 yoga,L4,2
21 foot art,L4,2
21 naturals,L4,2
3 stunden teenieschau,L4,2
aaliyah jolie,L4,2
aaliyah love,L4,2
abbey brooks,L4,2
abby winters,L4,2
abella anderson,L4,2
aidra fox,L4,2
alan stafford,L4,2
aleska diamond,L4,2
aletta ocean,L4,2
alex gonz,L4,2
alex mecum,L4,2
alex rox,L4,2
alex sanders,L4,2
alexa grace,L4,2
alexa weix,L4,2
alexis amore,L4,2
alexis texas,L4,2
allie haze,L4,2
allscan,L4,2
alyson tyler,L4,2
amateur allure,L4,2
amateurallure,L4,2
amirah adara,L4,2
anal,L4,2
analni,L4,2
analnim,L4,2
andicen stiff,L4,2
andre boleyn,L4,2
andrea absolonova,L4,2
andrea diamond,L4,2
andrew blake,L4,2
andrew rivera,L4,2
andrew youngman,L4,2
andy san dimas,L4,2
aneta keys,L4,2
anetta keys,L4,2
angel allwood,L4,2
angel dark,L4,2
angel hot,L4,2
angel hott,L4,2
angel kiuty,L4,2
angel piaf,L4,2
angel rivas,L4,2
angel wicky,L4,2
angela attison,L4,2
angelica heart,L4,2
angelina valentine,L4,2
anikka albrite,L4,2
anissa kate,L4,2
anita blond,L4,2
anna polina,L4,2
annabelle lee,L4,2
anne swix,L4,2
annika albright,L4,2
anthony crane,L4,2
anthony hardwood,L4,2
anthony rosano,L4,2
anus,L4,2
anya olsen,L4,2
aria giovanni,L4,2
arnold schwarzenpec,L4,2
aryana augustine,L4,2
asa akira,L4,2
ashlynn brooke,L4,2
asia carrera,L4,2
atkg,L4,2
atkgalleria,L4,2
audrey bitoni,L4,2
august ames,L4,2
aussie thunder,L4,2
austin kincaid,L4,2
austin wilde,L4,2
ava addams,L4,2
ava devine,L4,2
aya nielsen,L4,2
ayeron,L4,2
aylar lie,L4,2
babe solo,L4,2
babes solo,L4,2
back room casting,L4,2
backroom casting,L4,2
backroomcasting,L4,2
ballbusting,L4,2
bang bros,L4,2
bangbros,L4,2
bangbus,L4,2
barbara summer,L4,2
barbi sinclair,L4,2
bareback,L4,2
barely legal,L4,2
barelylegal,L4,2
barrett blade,L4,2
bdsm,L4,2
benjamin brat,L4,2
bffs,L4,2
bibixxx,L4,2
big tits boss,L4,2
bikini riot,L4,2
bikiniriot,L4,2
billy glide,L4,2
billy santoro,L4,2
bisex,L4,1
bitch stop,L4,2
black angelica,L4,2
black angelika,L4,2
blacked,L4,2
blake palmer,L4,2
blow job,L4,2
blow me off,L4,2
blowjob,L4,2
blowjobs,L4,2
blue angel,L4,2
bob terminator,L4,2
bobbi starr,L4,2
bondage,L4,1
bonnie rotten,L4,2
boomer banks,L4,2
bound gang bangs,L4,2
boundgangbangs,L4,2
boyester,L4,2
brad baldwin,L4,2
brad hardy,L4,2
brandi belle,L4,2
brandi edwards,L4,2
brandi love,L4,2
brandon iron,L4,2
brandy aniston,L4,2
brandy talore,L4,2
brazzer,L4,1
breanne benson,L4,2
bree olson,L4,2
breedmeraw,L4,2
brent corrigan,L4,2
brett rockman,L4,2
brian pumper,L4,2
brian surewood,L4,2
briana banks,L4,2
brianna love,L4,2
brick majors,L4,2
brickyates,L4,2
bridgette b,L4,2
britney amber,L4,2
broc adams,L4,2
brooke tyler,L4,2
bryan silva,L4,2
bryci,L4,2
brynn hunter,L4,2
btaw,L4,2
buck adams,L4,2
buck wylde,L4,2
bukake,L4,2
bukakke,L4,2
bukkake,L4,2
bukkakke,L4,2
bunny knight,L4,2
burning angel,L4,2
busted babysitters,L4,2
byron long,L4,2
cadence lux,L4,2
cali marie,L4,2
calli cox,L4,2
camryn cross,L4,2
candice nicole,L4,2
candy alexa,L4,2
capri anderson,L4,2
capri cavalli,L4,2
carla fox,L4,2
carlton banks,L4,2
carmella bing,L4,2
carmen rivera,L4,2
casey cumz,L4,2
casey tanner,L4,2
casi james,L4,2
cassandra nix,L4,2
cassidy clay,L4,2
cassie young,L4,2
casting couch,L4,2
cathy heaven,L4,2
cayenne klein,L4,2
caylian curtis,L4,2
cece capella,L4,2
centerfolds,L4,2
cento x,L4,2
ceran morris,L4,2
cfnm,L4,2
cindy dollar,L4,2
cindy hope,L4,2
cj wright,L4,2
claire dames,L4,2
clark kent,L4,2
claudia rossi,L4,2
claudio meloni,L4,2
clitoris,L4,2
clitorys,L4,2
club sandy,L4,2
clubsandy,L4,2
cody cummings,L4,2
collage rules,L4,2
college rules,L4,2
collegerules,L4,2
color climax,L4,2
colt steele,L4,2
connor kline,L4,2
contract killers,L4,2
corey bucks,L4,2
corrupt schoolgirls,L4,2
courtney taylor,L4,2
craig moose,L4,2
craven moorehead,L4,2
cream pie,L4,2
creampie,L4,2
creampied,L4,2
criss strokes,L4,2
crissy moran,L4,2
crossdresser,L4,2
csoky ice,L4,2
cuckold,L4,2
cum dump,L4,2
cum louder,L4,2
cum marathon,L4,2
cum shot,L4,1
cumloud,L4,1
cumming,L4,1
cums,L4,2
cumshot,L4,1
cunnilingus,L4,2
cunt,L4,2
cuntree pipes,L4,2
curak,L4,2
curaka,L4,2
curakem,L4,2
cute little ass,L4,2
cute little asses,L4,2
cynthia moore,L4,2
czech casting,L4,2
czech hunter,L4,2
czech massage,L4,2
czech streets,L4,2
czechcasting,L4,2
czechhomeorgy,L4,2
czechhunter,L4,2
czechmassage,L4,2
daisy summers,L4,2
dakota skye,L4,2
dale dabone,L4,2
damien michaels,L4,2
dane cross,L4,2
dani daniels,L4,2
dani jensen,L4,2
daniella rush,L4,2
danielle derek,L4,2
danika dreamz,L4,2
danny mountain,L4,2
darcie dolce,L4,2
darren james,L4,2
dave cummings,L4,2
dave hardman,L4,2
david layz,L4,2
david luger,L4,2
david perry,L4,2
dee baker,L4,2
deep threat,L4,1
deep throat,L4,1
deep troath,L4,1
deepthroat,L4,1
deeptroath,L4,1
deflorace,L4,1
deflorat,L4,1
defloro,L4,1
delilah strong,L4,2
denis marti,L4,2
derrick pierce,L4,2
devin wolf,L4,2
devlin weed,L4,2
devyn cole,L4,2
dhones portella,L4,2
diamond foxxx,L4,2
diamond jackson,L4,2
diamond kitty,L4,2
diana doll,L4,2
diana prince,L4,2
dick delaware,L4,2
dick dildo,L4,2
dick james,L4,2
dick tracy,L4,2
dicked,L4,2
diego sans,L4,2
digital playground,L4,2
dildo gomez,L4,2
dillion harper,L4,2
dillon day,L4,2
dino bravo,L4,2
dirty girls,L4,2
dirty harry,L4,2
dirty masseur,L4,2
divinity love,L4,2
dizzy blond,L4,2
doggie style,L4,2
doggystyle,L4,2
dolly buster,L4,2
domenic kane,L4,2
dominic santos,L4,2
dominica leoni,L4,2
domino rebelde,L4,2
don fernando,L4,2
don hollywood,L4,2
dona bell,L4,2
doni blast,L4,2
donna bell,L4,2
donny long,L4,2
dorcel,L4,2
dorm invasion,L4,2
double penetrated,L4,2
double penetration,L4,2
dr babette,L4,2
drtuber,L4,2
drunk orgy,L4,2
drunkorgy,L4,2
dwayne cumminz,L4,2
dylan blake,L4,2
dylan ryder,L4,2
earl slate,L4,2
edu costa,L4,2
elegant raw,L4,2
ella milano,L4,2
elle alexandra,L4,2
emily austin,L4,2
emily bloom,L4,2
emily grey,L4,2
emma leigh,L4,2
erektus h,L4,2
eric knight,L4,2
eric masterson,L4,2
erik everhard,L4,2
erin avery,L4,2
erotic massage,L4,2
erotica x,L4,2
eroticax,L4,2
eroticka masaz,L4,2
esperanza gomez,L4,2
ester ladova,L4,2
ethan cage,L4,2
ethan hunt,L4,2
euro sex parties,L4,2
eurocreme,L4,2
eurosexparties,L4,2
eva angel,L4,2
eva angelina,L4,2
eva cats,L4,2
eva decastelo,L4,2
eva karera,L4,2
eva lovia,L4,2
eva parcker,L4,2
evan parker,L4,2
evan rochelle,L4,2
evan stone,L4,2
eve angel,L4,2
eve lawrence,L4,2
evil angel,L4,2
evil angel,L4,2
evilangel,L4,2
ex gf,L4,2
exgf,L4,2
exotic4 k,L4,2
exotic4k,L4,2
exxxtra small,L4,2
exxxtrasmall,L4,2
face sitting,L4,2
facesitting,L4,2
facial,L4,2
facialabuse,L4,2
facialed,L4,2
facials,L4,2
fake agent,L4,2
fake cop,L4,2
fake hospital,L4,2
fake shooting,L4,2
fake taxi,L4,2
fakeagent,L4,2
fakehospital,L4,2
fakeshooting,L4,2
faketaxi,L4,2
family strokes,L4,2
faye reagan,L4,2
female agent,L4,2
femaleagent,L4,2
femdom,L4,1
femlatex,L4,1
fetis,L4,1
ficke,L4,2
ficken,L4,2
fingered,L4,2
fingering,L4,1
fisting,L4,2
flixxx,L4,2
foot worship,L4,2
footworship,L4,2
forbidden fruits films,L4,2
franceska jaimes,L4,2
franck major,L4,2
franco del toro,L4,2
franco roccaforte,L4,2
frank black,L4,2
frank fortuna,L4,2
frank gun,L4,2
frank major,L4,2
frank thring,L4,2
frank towers,L4,2
frankie young,L4,2
freddy dalton,L4,2
ftv girls,L4,2
fucked in traffic,L4,2
fuckedintraffic,L4,2
fully clothed sex,L4,2
g a y,L4,2
gabriella fox,L4,2
gabriella paltrova,L4,2
gang bang,L4,2
gangbang,L4,2
gaped,L4,2
gapes,L4,2
gaping,L4,2
gapped,L4,2
gary taylor,L4,2
gavin marx,L4,2
gaysex,L4,2
george reno,L4,2
george uhl,L4,2
georgia jones,L4,2
gerry pike,L4,2
gframpage,L4,2
gianna michaels,L4,2
gina devine,L4,2
gina gerson,L4,2
gina lynn,L4,2
gina wild,L4,2
girls out west,L4,2
girls way,L4,2
glory hole,L4,2
gorgus drae,L4,2
gracie glam,L4,2
grannybet,L4,2
grannypokers,L4,2
greg centauro,L4,2
grupac,L4,2
grupacek,L4,1
guy dasilva,L4,2
gyno x,L4,2
hairy twatter,L4,2
hakan serbes,L4,2
hana haruna,L4,2
hana hilton,L4,2
hand job,L4,2
handjob,L4,2
hands on hardcore,L4,2
hanna hilton,L4,2
hannah harper,L4,2
hannah hilton,L4,2
hard x,L4,2
hardx,L4,2
harmonny grant,L4,2
havana ginger,L4,2
hdsex,L4,2
heather brooke,L4,2
hentai,L4,2
herschel savage,L4,2
hey gang teach me to bang,L4,2
hletee,L4,2
hogtied,L4,2
holly halston,L4,2
holly michaels,L4,2
hot legs and feet,L4,2
hot mom,L4,1
hotlegsandfeet,L4,2
chanel preston,L4,2
charley chase,L4,2
charlootte lee,L4,2
chase ryder,L4,2
chastity lynn,L4,2
cherie deville,L4,2
cheyne collins,L4,2
chip tanner,L4,2
chloe foster,L4,2
chris cannon,L4,2
chris crocker,L4,2
chris charming,L4,2
chris johnson,L4,2
chris kohler,L4,2
chris mason,L4,2
chris mountain,L4,2
chris rockway,L4,2
chris strokes,L4,2
chris toms,L4,2
christen courtney,L4,2
christian todd,L4,2
christian xxx,L4,2
christina jolie,L4,2
christine alexis,L4,2
christy mack,L4,2
chuck martino,L4,2
chyanne jacobs,L4,2
i know that girl,L4,2
ian daniels,L4,2
ian scott,L4,2
ian tate,L4,2
igor kolomiyets,L4,2
iknow that girl,L4,2
ilona staller,L4,2
ines cudna,L4,2
innocent high,L4,2
innocenthigh,L4,2
ivana fukalot,L4,2
ivana sugar,L4,2
j j michaels,L4,2
j r nelson,L4,2
j strokes,L4,2
j t money,L4,2
j t valentine,L4,2
jack lawrence,L4,2
jack napier,L4,2
jack spade,L4,2
jack vegas,L4,2
jack venice,L4,2
jada fire,L4,2
jada stevens,L4,2
jaelyn fox,L4,2
jake bass,L4,2
jake cruise,L4,2
jake malone,L4,2
jake ryan,L4,2
jake ryder,L4,2
jake steed,L4,2
james brossman,L4,2
james dean,L4,2
james matazaro,L4,2
james sooks,L4,2
jana cova,L4,2
jane darling,L4,2
janet mason,L4,2
janice griffith,L4,2
janos volt,L4,2
jarec wentworth,L4,2
jarrod steed,L4,2
jasmine black,L4,2
jasmine byrne,L4,2
jasmine caro,L4,2
jason brown,L4,2
jason cox,L4,2
jason horne,L4,2
jason mccain,L4,2
jay ashley,L4,2
jay huntington,L4,2
jay lassiter,L4,2
jay sinn,L4,2
jay strokes,L4,2
jayden cole,L4,2
jayden james,L4,2
jayden jaymes,L4,2
jaylene rio,L4,2
jayme langford,L4,2
jazz duro,L4,2
jean baptiste,L4,2
jean palette,L4,2
jean val jean,L4,2
jean yves le castel,L4,2
jena jameson,L4,2
jenaveve jolie,L4,2
jenna haze,L4,2
jenna jameson,L4,2
jenna lovely,L4,2
jenna presley,L4,2
jennifer dark,L4,2
jenny baby,L4,2
jenny hendrix,L4,2
jeph wilson,L4,2
jeremy steele,L4,2
jesse jane,L4,2
jessica bangkok,L4,2
jessica drake,L4,2
jessica jaymes,L4,2
jessica lynn,L4,2
jessica taylor,L4,2
jessie j,L4,2
jessie rogers,L4,2
jessie volt,L4,2
jesusraves,L4,2
jet richards,L4,2
jim beem,L4,2
jimmy blaze,L4,2
jimmy deen,L4,2
jimmy falcon,L4,2
jimmy fanz,L4,2
joachim kessef,L4,2
joe blow,L4,2
joe friday,L4,2
joe monti,L4,2
joe rock,L4,2
joel lawrence,L4,2
joey brass,L4,2
joey edwards,L4,2
joey ray,L4,2
joey silvera,L4,2
johane johansson,L4,2
john cruise,L4,2
john decker,L4,2
john dough,L4,2
john e depth,L4,2
john espizedo,L4,2
john strong,L4,2
john walton,L4,2
john west,L4,2
johnny castle,L4,2
johnny cobalt,L4,2
johnny fender,L4,2
johnny rapid,L4,2
johnny sins,L4,2
johnny slovak,L4,2
johnny thrust,L4,2
jon jon,L4,2
jon perignon,L4,2
jonathan everlast,L4,2
jonathan morgan,L4,2
jonathan simms,L4,2
jonathan stern,L4,2
jonny jon,L4,2
jonny zinn,L4,2
jordan ash,L4,2
jordan lane,L4,2
jorg j,L4,2
josefina mutzenbacher,L4,2
joslyn james,L4,2
joymii,L4,2
jozefina mutzenbacher,L4,2
jr langdon,L4,2
juan cuba,L4,2
juelz ventura,L4,2
juicy pearl,L4,2
julia ann,L4,2
julia bond,L4,2
julian st jox,L4,2
juliana grandi,L4,2
juliano ferraz,L4,2
juliette march,L4,2
julio ferreira,L4,2
julius c,L4,2
julius ceazher,L4,2
julius pleasure,L4,2
just jilian,L4,2
justice young,L4,2
justin dean,L4,2
justin long,L4,2
justin magnum,L4,2
justin matthews,L4,2
justin myers,L4,2
justin slayer,L4,2
justin snyder,L4,2
justin tyme,L4,2
justine ashley,L4,2
justyn long,L4,2
jynx maze,L4,2
kacey jordan,L4,2
kacy lane,L4,2
kagney linn karter,L4,2
kamera ve vagine,L4,2
kapri styles,L4,2
karen fisher,L4,2
karl ben,L4,2
karl kinkaid,L4,2
karlo karrera,L4,2
karma rosenberg,L4,2
karmen karma,L4,2
katie morgan,L4,2
katja kassin,L4,2
katy caro,L4,2
kayden kross,L4,2
kaydence,L4,2
kaylee hilton,L4,2
kea dean,L4,2
keisha grey,L4,2
kelly divine,L4,2
kelly wells,L4,2
kendall karson,L4,2
kendra lust,L4,2
kennedy leigh,L4,2
kenny styles,L4,2
kerry louise,L4,2
kevin king,L4,2
kevin m,L4,2
kiara mia,L4,2
kid jamaica,L4,2
kid vegas,L4,2
kimber kay,L4,2
king james,L4,2
kinky,L4,2
kinzie kenner,L4,2
kira queen,L4,2
kirsten price,L4,2
kitty jane,L4,2
klitoris,L4,2
kobe tai,L4,2
kortney kane,L4,2
kouri ptaka,L4,2
kourit ptaka,L4,2
kris knight,L4,2
kris slater,L4,2
krissy lynn,L4,2
kristal summers,L4,2
kristina rose,L4,2
krystal boyd,L4,2
kunda,L4,2
kunde,L4,2
kundic,L4,1
kundou,L4,2
kundu,L4,2
kundy,L4,2
kurt lockwood,L4,2
kyle moore,L4,2
kyle phillips,L4,2
kyle stone,L4,2
kyra blonde,L4,2
kyra hot,L4,2
l t turner,L4,2
lady asmondena,L4,2
lady dee,L4,2
lady sonia,L4,2
lady xxl,L4,2
ladyboy,L4,2
lance dragon,L4,2
lanny barbie,L4,2
lara cumkitten,L4,2
lara latex,L4,2
laura crystal,L4,2
laura lion,L4,2
lauro giotto,L4,2
lea de mae,L4,2
lea lexis,L4,2
lee bang,L4,2
lee bank,L4,2
lee stone,L4,2
lefty larue,L4,2
lela star,L4,2
lelu love,L4,2
leo giamani,L4,2
lesbea,L4,2
lesbi,L4,1
lesby,L4,1
leslie taylor,L4,2
lets try anal,L4,2
levi michaels,L4,2
lewis adams,L4,2
lexi belle,L4,2
lexi bloom,L4,2
lexi diamond,L4,2
lexi dona,L4,2
lexington steele,L4,2
lexxi tyler,L4,2
lia lor,L4,2
liam riley,L4,2
lichelle marie,L4,2
liliane tiger,L4,2
linda friday,L4,2
linn karter,L4,2
lis ann,L4,2
lisa ann,L4,2
lita phoenix,L4,2
little caprice,L4,2
little romeo,L4,2
liz valery,L4,2
liza del sierra,L4,2
lorenzo hightower,L4,2
lost bets,L4,2
luci angel,L4,2
lucie theodorova,L4,2
lucie wilde,L4,2
lucy angel,L4,2
lucy latex,L4,2
mac turner,L4,2
mackenzee pierce,L4,2
maddy o reilly,L4,2
madelyn marie,L4,2
madison chandler,L4,2
madison ivy,L4,2
madison parker,L4,2
malachi marx,L4,2
malena morgan,L4,2
mandy muse,L4,2
mandy sky,L4,2
manuel ferrara,L4,2
marc cummings,L4,2
marc dorcel,L4,2
marc dylan,L4,2
marco banderas,L4,2
marcos leon,L4,2
marcus london,L4,2
maria bellucci,L4,2
mariah milano,L4,2
marie mccray,L4,2
marina visconti,L4,2
mario rossi,L4,2
mark anthony,L4,2
mark ashley,L4,2
mark davis,L4,2
mark vega,L4,2
mark wood,L4,2
mark zane,L4,2
marry queen,L4,2
marty romano,L4,2
mary anne,L4,2
mary carey,L4,2
mason moore,L4,2
massage room,L4,2
massage rooms,L4,2
massageroom,L4,2
massagerooms,L4,2
masturb,L4,1
matt bixel,L4,2
matty jay,L4,2
maui kane,L4,2
max black,L4,2
maxx diesel,L4,2
mckenzee miles,L4,2
mckenzie lee,L4,2
megan monroe,L4,2
megan moore,L4,2
megan rain,L4,2
megan salinas,L4,2
melanie rios,L4,2
melissa lauren,L4,2
melone challenge,L4,2
melonechallenge,L4,2
menatplay,L4,2
met art,L4,2
metarts,L4,2
mfhm,L4,2
mia leone,L4,2
mia malkova,L4,2
mick blue,L4,2
mick lovell,L4,2
mickey g,L4,2
mickey knoxxx,L4,2
micky ray,L4,2
michael black,L4,2
michael hurt,L4,2
michael j cox,L4,2
michael lucas,L4,2
michael stefano,L4,2
michael v,L4,2
michaela kuklinkova,L4,2
michelle b,L4,2
michelle firestone,L4,2
michelle wild,L4,2
mike adriano,L4,2
mike blaze,L4,2
mike davis,L4,2
mike dozer,L4,2
mike foster,L4,2
mike hash,L4,2
mike hawk,L4,2
mike john,L4,2
mikey butders,L4,2
miles malone,L4,2
milf,L4,1
milking table,L4,2
mischa brooks,L4,2
missy monroe,L4,2
misty stone,L4,2
mitchell grant,L4,2
mofos,L4,2
molly cavalli,L4,2
mom pov,L4,2
mommy got boobs,L4,2
mommys girl,L4,2
moms teach sex,L4,2
momsgiveass,L4,2
mona lee,L4,2
monica sweetheart,L4,2
monique alexander,L4,2
monique fuentes,L4,2
monsters of cock,L4,2
monstersofcock,L4,2
mrdal,L4,1
mrdani,L4,1
mrdat,L4,1
mshf,L4,2
my dirty hobby,L4,2
my first public,L4,2
my friends hot mom,L4,2
my sisters hot friend,L4,2
my very first time,L4,2
myfirstpublic,L4,2
nahy prachy,L4,2
nacho vidal,L4,2
naomi russell,L4,2
nassa devil,L4,2
nat turnher,L4,2
natalia starr,L4,2
nathaly cherie,L4,2
nathan threat,L4,2
naughty america,L4,2
naughty office,L4,2
naughtyamerica,L4,2
nautica thorn,L4,2
nessa devil,L4,2
net video girls,L4,2
new sensations,L4,2
next door buddies,L4,2
nextdoorbuddies,L4,2
nic lanchey,L4,2
nick east,L4,2
nick jacobs,L4,2
nick lang,L4,2
nick manning,L4,2
nick nude,L4,2
nicole aniston,L4,2
nicole bexley,L4,2
nicole graves,L4,2
nicole ray,L4,2
nikita denise,L4,2
nikita von james,L4,2
nikki benz,L4,2
nikki daniels,L4,2
nikki hunter,L4,2
nikki nievez,L4,2
nikki rhodes,L4,2
nikko night,L4,2
nikky thorne,L4,2
nikola jiraskova,L4,2
nina hartley,L4,2
nubile films,L4,2
nubilefilms,L4,2
nubiles,L4,2
nubp,L4,2
nuru massage,L4,2
odpan,L4,1
oh boy thats a big toy,L4,2
old and young,L4,2
oliver sanchez,L4,2
oliver strelly,L4,2
omrd,L4,1
oprca,L4,1
oprcana,L4,2
oqsx,L4,2
oralservice,L4,2
osouloz,L4,1
osousta,L4,1
otto bauer,L4,2
out in public,L4,2
pa xxx,L4,2
pantyhose,L4,2
paris kennedy,L4,2
parker swayze,L4,2
party hardcore,L4,2
pascal st james,L4,2
pat myne,L4,2
patrik schuster,L4,2
paul wagner,L4,2
paula wild,L4,2
paulo mack,L4,2
pauly harker,L4,2
pavel sahaj,L4,2
penny pax,L4,2
penthouse,L4,2
persia decarlo,L4,2
perv city,L4,2
peta jensen,L4,2
pete le meat,L4,2
peter north,L4,2
peter rain,L4,2
phat zane,L4,2
phil gash,L4,2
philippe soine,L4,2
phoenix marie,L4,2
pica,L4,2
pici,L4,2
picka,L4,2
pickups,L4,2
picu,L4,2
pierre woodman,L4,2
pinky june,L4,2
pitt garcia,L4,2
poorn,L4,2
poppy morgan,L4,2
porn,L4,2
pornhub,L4,2
porno,L4,1
pornoakce,L4,2
pornografie,L4,2
pornostar,L4,2
pornstar,L4,2
pornstars,L4,2
pound the round,L4,2
prcani,L4,2
prcat,L4,2
prevcity,L4,2
prince yahshua,L4,2
priya rai,L4,2
prozent kleidergeil,L4,2
prsteni,L4,2
prsti,L4,2
prstit,L4,2
public agent,L4,2
public disgrace,L4,2
public invasion,L4,2
public pick ups,L4,2
public pickups,L4,2
publicagent,L4,2
publicdisgrace,L4,2
publicinvasion,L4,2
publicpickups,L4,2
punish teens,L4,2
punishteens,L4,2
pure mature,L4,2
puremature,L4,2
pussies,L4,2
pussy,L4,2
puta locura,L4,2
putalocura,L4,2
qsx,L4,2
queensnake,L4,2
rachael madori,L4,2
rachel roxxx,L4,2
rachel solari,L4,2
rachel starr,L4,2
ralph long,L4,2
ramon nomar,L4,2
randy redwood,L4,2
randy spears,L4,2
randy west,L4,2
ray shannon,L4,2
ray swazy,L4,2
ready prince jr,L4,2
real wife stories,L4,2
reality junkies,L4,2
reality kings,L4,2
realitykings,L4,2
realwifestories,L4,2
rebeca linares,L4,2
redtube,L4,2
remy lacroix,L4,2
renata davila,L4,2
renee perez,L4,2
renee roulette,L4,2
reno angelo,L4,2
ricardo bell,L4,2
rick masters,L4,2
rick patrick,L4,2
rick taylor,L4,2
ricky valentino,L4,2
rico strong,L4,2
rihanna rimes,L4,2
richard kline,L4,2
richard langin,L4,2
richie rich,L4,2
riley evans,L4,2
riley reid,L4,2
rimjob,L4,2
rimming,L4,2
rita neri,L4,2
rob rotten,L4,2
robbie james,L4,2
robert rosenberg,L4,2
robert whaad,L4,2
rocco reed,L4,2
rocco siffredi,L4,2
rock n rod,L4,2
rod fontana,L4,2
rodney moore,L4,2
roly reeves,L4,2
ron jeremy,L4,2
ronnie coxx,L4,2
rose valerie,L4,2
round and brown,L4,2
roxy panther,L4,2
roxy raye,L4,2
ryan knox,L4,2
ryan rose,L4,2
ryder skye,L4,2
sabrina banks,L4,2
sadie leigh,L4,2
sado maso,L4,2
sam strong,L4,2
samantha saint,L4,2
sammie rhodes,L4,2
sana fey,L4,2
sandra romain,L4,2
sandro da rosa,L4,2
sara ferrari,L4,2
sara jay,L4,2
sarah jessie,L4,2
sarah vandella,L4,2
sarah young,L4,2
sasha grey,L4,2
sasha rose,L4,2
savannah stern,L4,2
scarlett pain,L4,2
scott lyons,L4,2
scott nails,L4,2
scott stone,L4,2
scott styles,L4,2
sea kid,L4,2
sean cody,L4,2
sean michaels,L4,2
sean rider,L4,2
sean silver,L4,2
sean zevran,L4,2
sebastian young,L4,2
seduces couple,L4,2
sell your girlfriend,L4,2
sellyourgf,L4,2
sergio escoto,L4,2
sergio suarez,L4,2
seth dickens,L4,2
seth fornea,L4,2
sex and submission,L4,2
sex arabic,L4,2
sex assault,L4,2
sexarabic,L4,2
sexart,L4,2
shane diesel,L4,2
sharka blue,L4,2
sharon lee,L4,2
shawn abir,L4,2
shawna lenee,L4,2
shayla laveaux,L4,2
shemale,L4,1
shorty mac,L4,2
shotathome,L4,2
shyla stylez,L4,2
schluck puppen,L4,2
sienna grace,L4,2
sienna west,L4,2
silvia saint,L4,2
simone peach,L4,2
simonscans,L4,2
simony diamond,L4,2
sis loves me,L4,2
siterip,L4,2
skarlet fever,L4,2
skarlit knight,L4,2
sleep sez,L4,2
slimm dawg,L4,2
sly stabone,L4,2
sofi goldfinger,L4,2
sofia gucci,L4,2
softcore,L4,2
sophia leone,L4,2
sophie dee,L4,2
sophie moon,L4,2
souloz,L4,1
sousta,L4,1
spytug,L4,2
squirt,L4,1
stacy silver,L4,2
stella cox,L4,2
stephanie cane,L4,2
steve austin,L4,2
steve drake,L4,2
steve hatcher,L4,2
steve holmes,L4,2
steve jagger,L4,2
steve james,L4,2
steve taylor,L4,2
steven french,L4,2
steven st croix,L4,2
stocking live,L4,2
stormy daniels,L4,2
stranded teens,L4,2
strapless dildo,L4,2
strapon,L4,1
strip,L4,2
suicide girls,L4,2
suka,L4,1
sunny leone,L4,2
sunshine rivers,L4,2
susana melo,L4,2
suzie carina,L4,2
sweet sinner,L4,2
swingers,L4,2
sylvio mata,L4,2
t j cummings,L4,2
t t boy,L4,2
taboo,L4,2
taboo diaries,L4,2
tanya james,L4,2
tanya tate,L4,2
tara white,L4,2
tarra white,L4,2
taryn thomas,L4,2
tasha reign,L4,2
tatiana brown,L4,2
teach me fisting,L4,2
teachmefisting,L4,2
tee reel,L4,2
teen bff,L4,2
teen dreams,L4,2
teen fidelity,L4,2
teenburg,L4,2
teendreams,L4,2
teenies,L4,2
teenmodel,L4,2
teens love money,L4,2
teens try,L4,2
teenyplayground,L4,2
tegan riley,L4,2
tenns porno,L4,2
tera joy,L4,2
tera patrick,L4,2
teresa orlowski,L4,2
teri weigel,L4,2
thomas crown,L4,2
thomas stone,L4,2
throated,L4,2
throatsluts,L4,2
tia layne,L4,2
tim von swine,L4,2
tim walker,L4,2
timea bella,L4,2
timoti hayd,L4,2
tinto brass,L4,2
tiny 4k,L4,2
titty attack,L4,2
titus steel,L4,2
tod brunetti,L4,2
tokyo hot,L4,2
tom byron,L4,2
tom cruiso,L4,2
tommy gunn,L4,2
tommy j,L4,2
tone capone,L4,2
toni ribas,L4,2
tony desergio,L4,2
tony eveready,L4,2
tony michaels,L4,2
tony pounds,L4,2
tony sexton,L4,2
tony tedeschi,L4,2
topher dimaggio,L4,2
tori black,L4,2
tory lane,L4,2
trannies,L4,2
tranny,L4,2
trannys,L4,2
trent soluri,L4,2
trent tesoro,L4,2
trevor thompson,L4,2
trevor zen,L4,2
tricky spa,L4,2
tristan segal,L4,2
tryteens,L4,2
tube8,L4,2
twinks,L4,2
ty roderick,L4,2
tyce bune,L4,2
tyler knight,L4,2
tyler wood,L4,2
udela se,L4,2
udelat se,L4,2
udelej se,L4,2
ultimate surrender,L4,2
upskirt,L4,2
upskirts,L4,2
usa xxx,L4,2
usaxxx,L4,2
valentina nappi,L4,2
valentina velasques,L4,2
van damage,L4,2
vanessa decker,L4,2
varian gray,L4,2
velicity von,L4,2
veronica rodriguez,L4,2
veronica simon,L4,2
veronica vanoza,L4,2
veruca james,L4,2
vicky vette,L4,2
victoria diamond,L4,2
victoria sin,L4,2
vince vouyer,L4,2
vivian schmitt,L4,2
viviane schmitt,L4,2
vykouri ptaka,L4,2
vykourit ptaka,L4,2
vymrda,L4,1
vyprca,L4,1
vyprstena,L4,2
vyprsti,L4,2
vyprstit,L4,2
vysousta,L4,1
wade hardman,L4,2
warren pierce,L4,2
we live together,L4,2
wein lewis,L4,2
wesley pipes,L4,2
whitney westgate,L4,2
wilde oscar,L4,2
will powers,L4,2
wkd,L4,2
woodman casting,L4,2
wow fr,L4,2
wow girls,L4,2
wowgirls,L4,2
x art,L4,2
xart,L4,2
xhamster,L4,2
xnxx,L4,2
xvideos,L4,2
xxx group,L4,2
young and old,L4,2
young and tasty,L4,2
young courtesans,L4,2
young tasty,L4,2
younglegalporn,L4,2
youngporn,L4,2
youngthroats,L4,2
zaneta rosenberg,L4,2
zensa raggi,L4,2
zmrda,L4,1
zoey nixon,L4,2
ztod,L4,2
zuzana drabinova,L4,2
candydoll,L5,1
discipline4 boys,L5,2
dogfuck,L5,1
fekal,L5,1
horsefuck,L5,1
horsfuck,L5,1
hypno doc,L5,2
incest,L5,1
inzest,L5,2
pdo,L5,2
pedofil,L5,1
pedofilie,L5,1
pedophile,L5,1
pedophilia,L5,1
pervers,L5,1
perverz,L5,1
piss,L5,2
pissed,L5,2
pissing,L5,2
preteen,L5,1
preversion,L5,1
prevert,L5,1
rammed,L5,2
rape,L5,2
raped,L5,2
rapes,L5,2
raping,L5,2
rapist,L5,2
scat,L5,2
sleepsins,L5,2
wet and pissy,L5,2
znasiln,L5,1
zoofil,L5,1
zoophil,L5,1
zooskool,L5,1
tushy,L4,2
forever alone dude,L4,2
foreveralonedude,L4,2
plib,L3,2
nubles,L3,2
april o neil,L4,2
april oneil,L4,2
breanne benson,L4,2
bang bus,L4,2
remy la croix,L4,2
remy lacroix,L4,2
lea lexis,L4,2
hailey madison,L4,2
misha cross,L4,2
atkgfs,L3,2
madelyn monroe,L4,2
jules jordan,L4,2
soustavy,L0,2
sexiest,L1,2
ukrainian,L1,2
chinese,L1,2
opva,L5,2
pthc,L5,2
ptxx,L5,2
ptsc,L5,2
lolifuck,L5,2
illegal,L2,2
ass worship,L4,2
de luxe,L1,2
deluxe,L1,2
club,L1,2
granny,L1,2
gonzo,L1,2
anjelica,L1,2
anjelica lauren,L4,2
forbidden,L1,2
fever,L1,2
threesome,L3,1
stars,L1,2
la taya roxx,L4,2
adorable,L1,2
jannete,L4,2
sharon pink,L4,2
ddf,L4,2
carnal,L1,2
wives,L1,2
veronica avluv,L4,2
alexis fawx,L4,2
dont break me,L4,2
don t break me,L4,2
fickdate,L3,2
schwanz,L3,2
fuck my jeans,L4,2
katarina hartlova,L4,2
katerina hartlova,L4,2
staxus,L4,2
petite18,L4,2
all internal,L4,2
want,L1,1
secret,L1,2
secrets,L1,2
adriana chechik,L4,2
creampies,L4,2
fbgm,L3,2
kate england,L4,2
kimberly costa,L4,2
priya anjali rai,L4,2
condom,L3,1
eporner,L4,2
scene,L1,2
bathroom,L1,2
natasha,L1,2
lily jordan,L4,2
girlfriend,L1,1
atk,L1,2
lingerie,L1,1
elegant angel,L4,2
dominatrix,L3,2
rump,L1,2
sheena shaw,L4,2
traum titten,L3,2
crazy sophia,L4,2
sweet sophia,L4,2
xxxshades,L4,2
brothel,L3,2
cambodian,L1,2
dress,L1,2
undress,L3,2
alura jenson,L4,2
exgirlfriend,L1,1
creamy,L1,2
cucumber,L1,2
fakings,L3,2
fset,L3,2
jessica sua,L4,2
oriental,L1,2
madame,L1,2
james deen,L4,2
veronica vain,L4,2
fuckingmachine,L3,1
asa,L1,2
jaruska,L1,2
petra,L1,2
misxxx,L4,2
samantha rone,L4,2
scarlett sage,L4,2
vikki,L1,2
visit,L1,2
masseuse,L3,2
dreamy,L1,2
big black,L1,2
hotties,L1,2
indonesian,L1,2
couch,L1,2
jerking off,L3,2
twink,L1,2
jizz,L3,2
handsome,L1,2
big meat,L1,2
alanah rae,L4,2
melanie,L1,2
blow bang,L4,2
audition,L1,1
jenna,L1,2
tricia oaks,L4,2
cbt,L1,2
bedroom,L1,2
bang my wife,L4,2
fantasstic,L4,2
mofoxxx,L4,2
jezabel vessir,L4,2
gloryhole,L4,2
dp,L1,2
japanese,L1,2
apartment,L1,2
big wet butts,L4,2
kink,L1,2
whores,L3,2
opicha,L3,1
shaved,L1,2
toes,L1,2
cervix,L3,2
cathy,L1,2
on all fours,L3,2
euro,L1,2
paula shy,L4,2
sexual,L1,2
its all gay,L4,2
domination,L1,2
lady fyre,L4,2
ptak,L1,1
shameless com,L4,2
propertysex,L4,2
cherry torn,L4,2
tales,L1,2
obsession,L1,2
shdxxx,L4,2
amia miley,L4,2
karlee grey,L4,2
charlie laine,L4,2
kissing,L1,2
confessions,L1,2
striper,L1,2
pissende,L3,2
schulmadchen,L3,2
legs,L1,2
hookup,L3,1
adventure,L1,1
sydney cole,L4,2
nelly benz,L4,2
axel braun,L4,2
hamstercom,L4,2
x hamster,L4,2
pornuj.cz,L4,2
reagan foxx,L4,2
tori,L1,2
gespritzt,L3,2
shiloh sharada,L4,2
passion,L1,1
nika,L1,2
elisabeth,L1,2
asian,L1,1
erika,L1,2
monika,L1,2
martina,L1,2
leigh,L1,2
gbcp,L3,2
showing off,L3,2
bad,L1,2
melissa,L1,2
dark x,L4,2
interracial dp,L3,2
simone,L1,2
atkh airy,L3,2
daring,L1,2
fantazie,L1,2
office,L1,2
thai,L1,2
kira,L1,2
terra,L1,2
in den arsch,L3,2
tries,L1,2
first time,L1,2
rocco steele,L4,2
isis love,L4,2
lily labeau,L4,2
rides a cock,L3,2
rides cock,L3,2
ultimatesurrender,L3,2
ultimate surrender,L3,2
andrea,L1,2
jitka,L1,2
jana,L1,2
hidden cam,L3,2